name,address,phone_national,phone_international,website,rating,total_ratings,business_status,google_maps_url,opening_hours,category,region,town,price
Kowhai Dental Whangārei,"61-65 Maunu Road, Woodhill, Whangārei 0110, New Zealand",09 430 0707,+64 9 430 0707,https://www.kowhaidental.co.nz/,4.8,782,OPERATIONAL,https://maps.google.com/?cid=3218589431291469955&g_mp=Cidnb29nbGUubWFwcy5wbGFjZXMudjEuUGxhY2VzLlNlYXJjaFRleHQQAhgEIAA,Monday: 7:00 AM – 7:00 PM; Tuesday: 7:00 AM – 7:00 PM; Wednesday: 7:00 AM – 7:00 PM; Thursday: 7:00 AM – 7:00 PM; Friday: 7:00 AM – 1:00 PM; Saturday: Closed; Sunday: Closed,dental_clinic,Northland,Whangārei,no_prices
Dental North,"15 Porowini Avenue, Morningside, Whangārei 0110, New Zealand",09 777 0114,+64 9 777 0114,http://www.dentalnorth.co.nz/,4.9,152,OPERATIONAL,https://maps.google.com/?cid=9917479973049067833&g_mp=Cidnb29nbGUubWFwcy5wbGFjZXMudjEuUGxhY2VzLlNlYXJjaFRleHQQAhgEIAA,Monday: 7:30 AM – 5:00 PM; Tuesday: 8:00 AM – 5:00 PM; Wednesday: 7:30 AM – 5:00 PM; Thursday: 8:00 AM – 5:00 PM; Friday: 8:00 AM – 4:30 PM; Saturday: Closed; Sunday: Closed,dental_clinic,Northland,Whangārei,no_prices
Maunu Dental,"19 Maunu Road, Maunu, Whangārei 0110, New Zealand",09 438 4400,+64 9 438 4400,http://www.maunudental.co.nz/,4.9,137,OPERATIONAL,https://maps.google.com/?cid=1291004012111773458&g_mp=Cidnb29nbGUubWFwcy5wbGFjZXMudjEuUGxhY2VzLlNlYXJjaFRleHQQAhgEIAA,Monday: 8:00 AM – 5:00 PM; Tuesday: 8:00 AM – 5:00 PM; Wednesday: 8:00 AM – 5:00 PM; Thursday: 8:00 AM – 5:00 PM; Friday: 8:00 AM – 4:00 PM; Saturday: Closed; Sunday: Closed,dental_clinic,Northland,Whangārei,no_prices
Kensington Dental,"22 Kensington Avenue, Kensington, Whangārei 0112, New Zealand",09 437 0043,+64 9 437 0043,https://www.kensingtondental.co.nz/,4.8,76,OPERATIONAL,https://maps.google.com/?cid=17373407141048355782&g_mp=Cidnb29nbGUubWFwcy5wbGFjZXMudjEuUGxhY2VzLlNlYXJjaFRleHQQAhgEIAA,Monday: 8:00 AM – 4:30 PM; Tuesday: 8:00 AM – 4:30 PM; Wednesday: 8:00 AM – 4:30 PM; Thursday: 8:00 AM – 4:30 PM; Friday: 8:00 AM – 4:30 PM; Saturday: Closed; Sunday: Closed,dental_clinic,Northland,Whangārei,no_prices
Team Dental Whangarei,"34/48 Reyburn Street, Whangārei 0110, New Zealand",09 438 4760,+64 9 438 4760,https://www.team-dental.co.nz/northland/whangarei/?utm_campaign=whangarei&utm_medium=gbp&utm_source=google,4.7,192,OPERATIONAL,https://maps.google.com/?cid=954584607759340842&g_mp=Cidnb29nbGUubWFwcy5wbGFjZXMudjEuUGxhY2VzLlNlYXJjaFRleHQQAhgEIAA,Monday: 9:00 AM – 5:00 PM; Tuesday: 9:00 AM – 5:00 PM; Wednesday: 9:00 AM – 5:00 PM; Thursday: 9:00 AM – 5:00 PM; Friday: 9:00 AM – 5:00 PM; Saturday: 9:00 AM – 3:00 PM; Sunday: Closed,dental_clinic,Northland,Whangārei,no_prices
Smile Care Dental Studio,"142 Bank Street, Regent, Whangārei 0112, New Zealand",09 438 8181,+64 9 438 8181,https://www.smilecaredentalstudio.co.nz/contact.html,4.9,105,OPERATIONAL,https://maps.google.com/?cid=11043352131560039505&g_mp=Cidnb29nbGUubWFwcy5wbGFjZXMudjEuUGxhY2VzLlNlYXJjaFRleHQQAhgEIAA,Monday: 8:30 AM – 5:30 PM; Tuesday: 8:30 AM – 5:30 PM; Wednesday: 8:30 AM – 5:30 PM; Thursday: 8:30 AM – 5:30 PM; Friday: 8:30 AM – 5:30 PM; Saturday: Closed; Sunday: Closed,dental_clinic,Northland,Whangārei,no_prices
Kamo Community Oral Health Clinic,"3 Grant Street, Te Kamo, Whangārei 0112, New Zealand",0800 698 3384,+64 800 698 3384,https://www.northlanddhb.org.nz/our-services/a-z/oral-health-service/,5,6,OPERATIONAL,https://maps.google.com/?cid=4907900915891595400&g_mp=Cidnb29nbGUubWFwcy5wbGFjZXMudjEuUGxhY2VzLlNlYXJjaFRleHQQAhgEIAA,Monday: 8:00 AM – 5:00 PM; Tuesday: 8:00 AM – 5:00 PM; Wednesday: 8:00 AM – 5:00 PM; Thursday: 8:00 AM – 5:00 PM; Friday: 8:00 AM – 5:00 PM; Saturday: Closed; Sunday: Closed,dental_clinic,Northland,Whangārei,no_prices
youDENTAL,"17 Rust Avenue, Whangārei 0110, New Zealand",09 430 0046,+64 9 430 0046,http://www.youdental.co.nz/,4.8,34,OPERATIONAL,https://maps.google.com/?cid=10726046062587010023&g_mp=Cidnb29nbGUubWFwcy5wbGFjZXMudjEuUGxhY2VzLlNlYXJjaFRleHQQAhgEIAA,Monday: 8:00 AM – 5:00 PM; Tuesday: 8:00 AM – 5:00 PM; Wednesday: 8:00 AM – 5:00 PM; Thursday: 8:00 AM – 5:00 PM; Friday: 8:00 AM – 5:00 PM; Saturday: Closed; Sunday: Closed,dental_clinic,Northland,Whangārei,no_prices
Bank Street Whangarei | Lumino The Dentists,"Level 1/120 Bank Street, Whangārei 0112, New Zealand",09 438 7300,+64 9 438 7300,https://lumino.co.nz/dentists/bank-street-dental-whangarei/?utm_source=google_business_profile&utm_medium=organic,4.6,78,OPERATIONAL,https://maps.google.com/?cid=4996613844216228738&g_mp=Cidnb29nbGUubWFwcy5wbGFjZXMudjEuUGxhY2VzLlNlYXJjaFRleHQQAhgEIAA,Monday: 8:00 AM – 5:00 PM; Tuesday: 8:00 AM – 5:00 PM; Wednesday: 8:00 AM – 5:00 PM; Thursday: 10:00 AM – 7:00 PM; Friday: 8:00 AM – 3:00 PM; Saturday: Closed; Sunday: Closed,dental_clinic,Northland,Whangārei,no_prices
Kowhai Dental Kensington,"8 Kensington Avenue, Kensington, Whangārei 0112, New Zealand",09 430 0707,+64 9 430 0707,http://www.kowhaidental.co.nz/,4.8,11,OPERATIONAL,https://maps.google.com/?cid=13060043408284828889&g_mp=Cidnb29nbGUubWFwcy5wbGFjZXMudjEuUGxhY2VzLlNlYXJjaFRleHQQAhgEIAA,Monday: 7:00 AM – 3:00 PM; Tuesday: 7:00 AM – 3:00 PM; Wednesday: 7:00 AM – 3:00 PM; Thursday: 7:00 AM – 3:00 PM; Friday: 7:00 AM – 3:00 PM; Saturday: Closed; Sunday: Closed,dental_clinic,Northland,Whangārei,no_prices
Tikipunga Dental Centre,"Shop 13/81 Paramount Parade, Tikipunga, Whangārei 0112, New Zealand",09 553 3640,+64 9 553 3640,https://www.tikipungadentalcentre.nz/,4.9,103,OPERATIONAL,https://maps.google.com/?cid=5361310003534100459&g_mp=Cidnb29nbGUubWFwcy5wbGFjZXMudjEuUGxhY2VzLlNlYXJjaFRleHQQAhgEIAA,Monday: 8:00 AM – 5:00 PM; Tuesday: 8:00 AM – 5:00 PM; Wednesday: 8:00 AM – 5:00 PM; Thursday: 10:00 AM – 7:00 PM; Friday: Closed; Saturday: Closed; Sunday: Closed,dental_clinic,Northland,Whangārei,no_prices
Kamo Dental,"2 Grant Street, Te Kamo, Whangārei 0112, New Zealand",09 435 1431,+64 9 435 1431,http://kamodental.co.nz/,4.6,11,OPERATIONAL,https://maps.google.com/?cid=14708633504669318824&g_mp=Cidnb29nbGUubWFwcy5wbGFjZXMudjEuUGxhY2VzLlNlYXJjaFRleHQQAhgEIAA,Monday: 8:00 AM – 5:00 PM; Tuesday: 8:00 AM – 5:00 PM; Wednesday: 8:00 AM – 5:00 PM; Thursday: 8:00 AM – 5:00 PM; Friday: 8:00 AM – 5:00 PM; Saturday: Closed; Sunday: Closed,dental_clinic,Northland,Whangārei,no_prices
Baylis Dental Services Ltd,"41 Maunu Road, Woodhill, Whangārei 0110, New Zealand",09 988 9918,+64 9 988 9918,,5,6,OPERATIONAL,https://maps.google.com/?cid=16009279323928201805&g_mp=Cidnb29nbGUubWFwcy5wbGFjZXMudjEuUGxhY2VzLlNlYXJjaFRleHQQAhgEIAA,Monday: 8:00 AM – 5:00 PM; Tuesday: 8:00 AM – 6:00 PM; Wednesday: 8:00 AM – 5:00 PM; Thursday: 8:00 AM – 6:00 PM; Friday: 8:00 AM – 4:00 PM; Saturday: Closed; Sunday: Closed,dental_clinic,Northland,Whangārei,no_prices
Gentle Dental Company - Gus Cameron,"2/17 Rust Avenue, Whangārei 0110, New Zealand",09 430 0046,+64 9 430 0046,,3.8,9,OPERATIONAL,https://maps.google.com/?cid=8587357042410832791&g_mp=Cidnb29nbGUubWFwcy5wbGFjZXMudjEuUGxhY2VzLlNlYXJjaFRleHQQAhgEIAA,Monday: 8:30 AM – 5:00 PM; Tuesday: 8:30 AM – 5:00 PM; Wednesday: 8:30 AM – 5:00 PM; Thursday: 8:30 AM – 5:00 PM; Friday: 8:30 AM – 5:00 PM; Saturday: Closed; Sunday: Closed,dental_clinic,Northland,Whangārei,no_prices
Rescue Dentist - Dr. Dennis Shepherd,"2 Puriri Park Road, Maunu, Whangārei 0110, New Zealand",09 438 7694,+64 9 438 7694,https://www.rescuedentist.co.nz/,5,32,OPERATIONAL,https://maps.google.com/?cid=5031370166491119348&g_mp=Cidnb29nbGUubWFwcy5wbGFjZXMudjEuUGxhY2VzLlNlYXJjaFRleHQQAhgEIAA,Monday: 8:30 AM – 4:30 PM; Tuesday: 8:30 AM – 4:30 PM; Wednesday: 8:30 AM – 4:30 PM; Thursday: 8:30 AM – 4:30 PM; Friday: 8:30 AM – 4:00 PM; Saturday: Closed; Sunday: Closed,dental_clinic,Northland,Whangārei,no_prices
The Gentle Dental Company,"1/17 Rust Avenue, Whangārei 0110, New Zealand",09 438 7744,+64 9 438 7744,,5,2,OPERATIONAL,https://maps.google.com/?cid=2445442847065716183&g_mp=Cidnb29nbGUubWFwcy5wbGFjZXMudjEuUGxhY2VzLlNlYXJjaFRleHQQAhgEIAA,,dental_clinic,Northland,Whangārei,no_prices
Waltdental Ltd,"2 Puriri Park Road, Maunu, Whangārei 0110, New Zealand",09 972 7058,+64 9 972 7058,,5,7,OPERATIONAL,https://maps.google.com/?cid=6248922643750127747&g_mp=Cidnb29nbGUubWFwcy5wbGFjZXMudjEuUGxhY2VzLlNlYXJjaFRleHQQAhgEIAA,Monday: 8:30 AM – 4:30 PM; Tuesday: 8:30 AM – 4:30 PM; Wednesday: 8:30 AM – 4:30 PM; Thursday: 8:30 AM – 4:30 PM; Friday: 8:30 AM – 4:00 PM; Saturday: Closed; Sunday: Closed,dental_clinic,Northland,Whangārei,no_prices
The Whitening Co - Whangarei Teeth Whitening,"65 Hannah Street, Whangārei 0110, New Zealand",0800 294 4836,+64 800 294 4836,https://whiteningco.nz/pages/whangarei,5,20,OPERATIONAL,https://maps.google.com/?cid=9935526042626866383&g_mp=Cidnb29nbGUubWFwcy5wbGFjZXMudjEuUGxhY2VzLlNlYXJjaFRleHQQAhgEIAA,Monday: 3:30 – 8:00 PM; Tuesday: 3:30 – 6:00 PM; Wednesday: 3:30 – 8:00 PM; Thursday: 9:00 AM – 8:00 PM; Friday: 9:00 AM – 5:00 PM; Saturday: 10:00 AM – 2:00 PM; Sunday: Closed,dental_clinic,Northland,Whangārei,no_prices
Northland Dental Laboratory,"21 Albert Street, Whangārei, Vinetown 0110, New Zealand",09 438 1205,+64 9 438 1205,https://yellow.co.nz/y/northland-dental-laboratory-albert,4.8,12,OPERATIONAL,https://maps.google.com/?cid=475698060566703257&g_mp=Cidnb29nbGUubWFwcy5wbGFjZXMudjEuUGxhY2VzLlNlYXJjaFRleHQQAhgEIAA,,dental_clinic,Northland,Whangārei,no_prices
Askew Dental Repairs,"1 Moody Avenue, Kensington, Whangārei 0112, New Zealand",09 437 7922,+64 9 437 7922,http://askewdental.co.nz/,4.6,9,OPERATIONAL,https://maps.google.com/?cid=12046152199801608333&g_mp=Cidnb29nbGUubWFwcy5wbGFjZXMudjEuUGxhY2VzLlNlYXJjaFRleHQQAhgEIAA,Monday: 8:30 AM – 5:00 PM; Tuesday: 8:30 AM – 5:00 PM; Wednesday: 8:30 AM – 5:00 PM; Thursday: 8:30 AM – 5:00 PM; Friday: 8:30 AM – 4:00 PM; Saturday: Closed; Sunday: Closed,dental_clinic,Northland,Whangārei,no_prices
Whangarei Hospital,"Private Bag 9742 Maunu Road, Horahora, Whangārei 0148, New Zealand",09 430 4100,+64 9 430 4100,http://www.northlanddhb.org.nz/,4.1,196,OPERATIONAL,https://maps.google.com/?cid=11921036725867346593&g_mp=Cidnb29nbGUubWFwcy5wbGFjZXMudjEuUGxhY2VzLlNlYXJjaFRleHQQAhgEIAA,Monday: Open 24 hours; Tuesday: Open 24 hours; Wednesday: Open 24 hours; Thursday: Open 24 hours; Friday: Open 24 hours; Saturday: Open 24 hours; Sunday: Open 24 hours,dental_clinic,Northland,Whangārei,no_prices
The Gentle Dental Company - Joe Hermon,"1/17 Rust Avenue, Whangārei 0110, New Zealand",09 438 7744,+64 9 438 7744,http://www.gentledental.net.nz/,4.9,12,OPERATIONAL,https://maps.google.com/?cid=1730319656185409544&g_mp=Cidnb29nbGUubWFwcy5wbGFjZXMudjEuUGxhY2VzLlNlYXJjaFRleHQQAhgEIAA,Monday: 8:00 AM – 5:00 PM; Tuesday: 8:00 AM – 5:00 PM; Wednesday: 8:00 AM – 5:00 PM; Thursday: 8:00 AM – 5:00 PM; Friday: 8:00 AM – 5:00 PM; Saturday: Closed; Sunday: Closed,dental_clinic,Northland,Whangārei,no_prices
Oral Health Clinic,"10 Alexander Street, Whangārei 0110, New Zealand",,,,3,2,OPERATIONAL,https://maps.google.com/?cid=1760626465461918657&g_mp=Cidnb29nbGUubWFwcy5wbGFjZXMudjEuUGxhY2VzLlNlYXJjaFRleHQQAhgEIAA,,dental_clinic,Northland,Whangārei,no_prices
Collier & Jones Denture Clinic,"114 Bank Street, Whangārei 0110, New Zealand",09 438 8076,+64 9 438 8076,,4.8,8,OPERATIONAL,https://maps.google.com/?cid=7547551677756077618&g_mp=Cidnb29nbGUubWFwcy5wbGFjZXMudjEuUGxhY2VzLlNlYXJjaFRleHQQAhgEIAA,Monday: 9:00 AM – 3:00 PM; Tuesday: 9:00 AM – 3:00 PM; Wednesday: 9:00 AM – 3:00 PM; Thursday: 9:00 AM – 3:00 PM; Friday: 9:00 AM – 3:00 PM; Saturday: Closed; Sunday: Closed,dental_clinic,Northland,Whangārei,no_prices
Your Smile Orthodontist,"136 Bank Street, Regent, Whangārei 0110, New Zealand",09 438 1668,+64 9 438 1668,http://www.yoursmileorthodontist.nz/,4.3,27,OPERATIONAL,https://maps.google.com/?cid=9010407822212651087&g_mp=Cidnb29nbGUubWFwcy5wbGFjZXMudjEuUGxhY2VzLlNlYXJjaFRleHQQAhgEIAA,Monday: 8:30 AM – 5:00 PM; Tuesday: 8:30 AM – 5:00 PM; Wednesday: 8:30 AM – 5:00 PM; Thursday: 8:30 AM – 5:00 PM; Friday: 8:30 AM – 1:00 PM; Saturday: Closed; Sunday: Closed,dental_clinic,Northland,Whangārei,no_prices
Julie the Dental Hygienist,"15 Porowini Avenue, Morningside, Whangārei 0110, New Zealand",,,https://juliedentalhygienist.co.nz/,,,OPERATIONAL,https://maps.google.com/?cid=8061439575981735882&g_mp=Cidnb29nbGUubWFwcy5wbGFjZXMudjEuUGxhY2VzLlNlYXJjaFRleHQQAhgEIAA,Monday: 8:00 AM – 4:30 PM; Tuesday: 8:00 AM – 5:30 PM; Wednesday: 8:00 AM – 4:00 PM; Thursday: Closed; Friday: Closed; Saturday: Closed; Sunday: Closed,dental_clinic,Northland,Whangārei,no_prices
Whangarei,"37 Thomas Street, Tikipunga, Whangārei 0112, New Zealand",,,,,,OPERATIONAL,https://maps.google.com/?cid=4924544104446222273&g_mp=Cidnb29nbGUubWFwcy5wbGFjZXMudjEuUGxhY2VzLlNlYXJjaFRleHQQAhgEIAA,,dental_clinic,Northland,Whangārei,no_prices
The Cosmetic Clinic Whangarei,"49 Cameron Street, Whangārei, Northland 0110, New Zealand",09 601 3339,+64 9 601 3339,https://www.thecosmeticclinic.co.nz/?utm_source=google&utm_medium=organic&utm_campaign=gmb&utm_term=website+link,5,138,OPERATIONAL,https://maps.google.com/?cid=3035480113537349125&g_mp=Cidnb29nbGUubWFwcy5wbGFjZXMudjEuUGxhY2VzLlNlYXJjaFRleHQQAhgEIAA,Monday: 9:00 AM – 6:00 PM; Tuesday: 9:00 AM – 6:00 PM; Wednesday: 9:00 AM – 6:00 PM; Thursday: 9:00 AM – 7:00 PM; Friday: 9:00 AM – 6:00 PM; Saturday: 10:00 AM – 4:00 PM; Sunday: Closed,dental_clinic,Northland,Whangārei,no_prices
Evolution Dental Ltd,"1A Carr Street, Te Kamo, Whangārei 0112, New Zealand",,,,5,1,OPERATIONAL,https://maps.google.com/?cid=5159725598578379590&g_mp=Cidnb29nbGUubWFwcy5wbGFjZXMudjEuUGxhY2VzLlNlYXJjaFRleHQQAhgEIAA,Monday: 8:00 AM – 4:30 PM; Tuesday: 8:00 AM – 4:30 PM; Wednesday: 8:00 AM – 4:30 PM; Thursday: 8:00 AM – 5:00 PM; Friday: 8:00 AM – 4:30 PM; Saturday: Closed; Sunday: Closed,dental_clinic,Northland,Whangārei,no_prices
Caleb Lawrence Orthodontics,"Ground Floor/4 Vinery Lane, Regent, Whangārei 0111, New Zealand",09 430 3331,+64 9 430 3331,http://www.clorthodontics.co.nz/,5,48,OPERATIONAL,https://maps.google.com/?cid=10024235347621417454&g_mp=Cidnb29nbGUubWFwcy5wbGFjZXMudjEuUGxhY2VzLlNlYXJjaFRleHQQAhgEIAA,Monday: 8:30 AM – 5:00 PM; Tuesday: 8:30 AM – 5:00 PM; Wednesday: 8:30 AM – 5:00 PM; Thursday: 9:00 AM – 5:00 PM; Friday: Closed; Saturday: Closed; Sunday: Closed,dental_clinic,Northland,Whangārei,no_prices
White Cross - Whangarei,"32 Reyburn Street, Whangārei 0110, New Zealand",09 470 1083,+64 9 470 1083,,3.8,214,OPERATIONAL,https://maps.google.com/?cid=4701307011986629724&g_mp=Cidnb29nbGUubWFwcy5wbGFjZXMudjEuUGxhY2VzLlNlYXJjaFRleHQQAhgEIAA,Monday: 8:00 AM – 8:00 PM; Tuesday: 8:00 AM – 8:00 PM; Wednesday: 8:00 AM – 8:00 PM; Thursday: 8:00 AM – 8:00 PM; Friday: 8:00 AM – 8:00 PM; Saturday: 8:00 AM – 8:00 PM; Sunday: 8:00 AM – 8:00 PM,dental_clinic,Northland,Whangārei,no_prices
Dental Laser Centre,"131 Lower Dent Street, Whangārei 0110, New Zealand",,,,,,OPERATIONAL,https://maps.google.com/?cid=17359352184103800267&g_mp=Cidnb29nbGUubWFwcy5wbGFjZXMudjEuUGxhY2VzLlNlYXJjaFRleHQQAhgEIAA,,dental_clinic,Northland,Whangārei,no_prices
The Smile Clinic,"1381 State Highway 10, Kerikeri 0293, New Zealand",09 945 6295,+64 9 945 6295,https://www.thesmileclinic.co.nz/,5,19,OPERATIONAL,https://maps.google.com/?cid=13157990134434907181&g_mp=Cidnb29nbGUubWFwcy5wbGFjZXMudjEuUGxhY2VzLlNlYXJjaFRleHQQAhgEIAA,Monday: 7:30 AM – 6:15 PM; Tuesday: 7:30 AM – 4:00 PM; Wednesday: 7:30 AM – 6:15 PM; Thursday: 7:30 AM – 6:15 PM; Friday: 7:30 AM – 4:00 PM; Saturday: Closed; Sunday: Closed,dental_clinic,Northland,Kerikeri,no_prices
Kerikeri Dental Centre | Lumino The Dentists,"Horizon Building 1st Floor/99 Kerikeri Road, Kerikeri 0230, New Zealand",09 407 8338,+64 9 407 8338,https://lumino.co.nz/dentists/kerikeri-dental-centre/?utm_source=google_business_profile&utm_medium=organic,4.7,72,OPERATIONAL,https://maps.google.com/?cid=15863227826670207090&g_mp=Cidnb29nbGUubWFwcy5wbGFjZXMudjEuUGxhY2VzLlNlYXJjaFRleHQQAhgEIAA,Monday: 8:00 AM – 5:00 PM; Tuesday: 8:00 AM – 5:00 PM; Wednesday: 8:00 AM – 5:00 PM; Thursday: 8:00 AM – 5:00 PM; Friday: 8:00 AM – 5:00 PM; Saturday: Closed; Sunday: Closed,dental_clinic,Northland,Kerikeri,no_prices
Oral Health Clinic,"123 Hone Heke Road, Kerikeri 0230, New Zealand",0800 698 3384,+64 800 698 3384,https://www.northlanddhb.org.nz/our-services/a-z/oral-health-service/,5,2,OPERATIONAL,https://maps.google.com/?cid=11273301347931265404&g_mp=Cidnb29nbGUubWFwcy5wbGFjZXMudjEuUGxhY2VzLlNlYXJjaFRleHQQAhgEIAA,Monday: Closed; Tuesday: Open 24 hours; Wednesday: Closed; Thursday: Closed; Friday: Closed; Saturday: Closed; Sunday: Closed,dental_clinic,Northland,Kerikeri,no_prices
Mark Jones Dental Surgery,"1/19-23 Hobson Avenue, Kerikeri 0230, New Zealand",09 407 7630,+64 9 407 7630,http://www.markjonesdentalsurgery.co.nz/,4.8,12,OPERATIONAL,https://maps.google.com/?cid=8791910393640681893&g_mp=Cidnb29nbGUubWFwcy5wbGFjZXMudjEuUGxhY2VzLlNlYXJjaFRleHQQAhgEIAA,Monday: 8:30 AM – 5:00 PM; Tuesday: 8:30 AM – 5:00 PM; Wednesday: 8:30 AM – 5:00 PM; Thursday: 8:30 AM – 5:00 PM; Friday: 9:00 AM – 5:00 PM; Saturday: Closed; Sunday: Closed,dental_clinic,Northland,Kerikeri,no_prices
Mark Fraser Dental,"5 Maraenui Drive, Kerikeri 0293, New Zealand",09 407 4545,+64 9 407 4545,https://markfraserdental.co.nz/,4.8,31,OPERATIONAL,https://maps.google.com/?cid=17786698805296604621&g_mp=Cidnb29nbGUubWFwcy5wbGFjZXMudjEuUGxhY2VzLlNlYXJjaFRleHQQAhgEIAA,Monday: 8:00 AM – 5:00 PM; Tuesday: 8:00 AM – 5:00 PM; Wednesday: 8:00 AM – 5:00 PM; Thursday: 8:00 AM – 5:00 PM; Friday: 8:00 AM – 5:00 PM; Saturday: Closed; Sunday: Closed,dental_clinic,Northland,Kerikeri,no_prices
Paihia Dental Practice | Lumino The Dentists,"1A Joyces Road, Paihia 0200, New Zealand",09 402 7714,+64 9 402 7714,https://lumino.co.nz/dentists/paihia-dental-practice/?utm_source=google_business_profile&utm_medium=organic,4.9,15,OPERATIONAL,https://maps.google.com/?cid=6670777269818850232&g_mp=Cidnb29nbGUubWFwcy5wbGFjZXMudjEuUGxhY2VzLlNlYXJjaFRleHQQAhgEIAA,Monday: 8:30 AM – 5:00 PM; Tuesday: 8:30 AM – 5:00 PM; Wednesday: 8:30 AM – 5:00 PM; Thursday: 8:30 AM – 5:00 PM; Friday: Closed; Saturday: Closed; Sunday: Closed,dental_clinic,Northland,Paihia,no_prices
Kaipara Dental,"30 Hokianga Road, Dargaville 0310, New Zealand",09 439 4911,+64 9 439 4911,https://kaiparadental.com/,4.5,13,OPERATIONAL,https://maps.google.com/?cid=9032786110682704738&g_mp=Cidnb29nbGUubWFwcy5wbGFjZXMudjEuUGxhY2VzLlNlYXJjaFRleHQQAhgEIAA,Monday: 9:00 AM – 4:00 PM; Tuesday: 9:00 AM – 4:00 PM; Wednesday: 9:00 AM – 4:00 PM; Thursday: 9:00 AM – 4:00 PM; Friday: Closed; Saturday: Closed; Sunday: Closed,dental_clinic,Northland,Dargaville,no_prices
Dargaville Hospital,"77 Awakino Road, Dargaville 0310, New Zealand",09 439 8079,+64 9 439 8079,http://www.northlanddhb.org.nz/,3.9,102,OPERATIONAL,https://maps.google.com/?cid=15527058285679113898&g_mp=Cidnb29nbGUubWFwcy5wbGFjZXMudjEuUGxhY2VzLlNlYXJjaFRleHQQAhgEIAA,Monday: 7:30 AM – 5:30 PM; Tuesday: 7:30 AM – 5:30 PM; Wednesday: 7:30 AM – 5:30 PM; Thursday: 7:30 AM – 5:30 PM; Friday: 7:30 AM – 5:30 PM; Saturday: 9:00 AM – 12:00 PM; Sunday: Closed,dental_clinic,Northland,Dargaville,no_prices
Dargaville Orthodontic Clinic,"30 Hokianga Road, Dargaville 0310, New Zealand",09 439 8158,+64 9 439 8158,,,,OPERATIONAL,https://maps.google.com/?cid=16234345587136324073&g_mp=Cidnb29nbGUubWFwcy5wbGFjZXMudjEuUGxhY2VzLlNlYXJjaFRleHQQAhgEIAA,,dental_clinic,Northland,Dargaville,no_prices
Oral Health Clinic,"Charlotte Street, Dargaville 0310, New Zealand",,,,,,OPERATIONAL,https://maps.google.com/?cid=794605987598230225&g_mp=Cidnb29nbGUubWFwcy5wbGFjZXMudjEuUGxhY2VzLlNlYXJjaFRleHQQAhgEIAA,,dental_clinic,Northland,Dargaville,no_prices
The Fono Kaikohe Family Care Centre,"151 Broadway, Kaikohe 0405, New Zealand",09 405 2647,+64 9 405 2647,http://www.thefono.org/,,,OPERATIONAL,https://maps.google.com/?cid=18063191228907256497&g_mp=Cidnb29nbGUubWFwcy5wbGFjZXMudjEuUGxhY2VzLlNlYXJjaFRleHQQAhgEIAA,Monday: 8:30 AM – 5:00 PM; Tuesday: 8:30 AM – 5:00 PM; Wednesday: 8:30 AM – 5:00 PM; Thursday: 8:30 AM – 5:00 PM; Friday: 8:30 AM – 5:00 PM; Saturday: Closed; Sunday: Closed,dental_clinic,Northland,Kaikohe,no_prices
Whanau Ora Community Clinic - Kaikohe,"158 Broadway, Kaikohe 0405, New Zealand",0800 367 942,+64 800 367 942,http://www.whanauoracommunity.com/,5,2,OPERATIONAL,https://maps.google.com/?cid=3422729438010472404&g_mp=Cidnb29nbGUubWFwcy5wbGFjZXMudjEuUGxhY2VzLlNlYXJjaFRleHQQAhgEIAA,,dental_clinic,Northland,Kaikohe,no_prices
Unichem Orrs Pharmacy Kaikohe,"34 Broadway, Kaikohe 0405, New Zealand",09 401 0055,+64 9 401 0055,http://www.kaikohepharmacy.co.nz/,4.5,47,OPERATIONAL,https://maps.google.com/?cid=1976910234143223550&g_mp=Cidnb29nbGUubWFwcy5wbGFjZXMudjEuUGxhY2VzLlNlYXJjaFRleHQQAhgEIAA,Monday: 8:30 AM – 5:30 PM; Tuesday: 8:30 AM – 5:30 PM; Wednesday: 8:30 AM – 5:30 PM; Thursday: 8:30 AM – 5:30 PM; Friday: 8:30 AM – 5:30 PM; Saturday: 9:30 AM – 12:30 PM; Sunday: Closed,dental_clinic,Northland,Kaikohe,no_prices
New World Kaikohe,"8 Marino Place, Kaikohe 0405, New Zealand",09 401 5088,+64 9 401 5088,http://www.newworld.co.nz/,4.2,566,OPERATIONAL,https://maps.google.com/?cid=10570302278905938904&g_mp=Cidnb29nbGUubWFwcy5wbGFjZXMudjEuUGxhY2VzLlNlYXJjaFRleHQQAhgEIAA,Monday: 7:00 AM – 9:00 PM; Tuesday: 7:00 AM – 9:00 PM; Wednesday: 7:00 AM – 9:00 PM; Thursday: 7:00 AM – 9:00 PM; Friday: 7:00 AM – 9:00 PM; Saturday: 7:00 AM – 9:00 PM; Sunday: 7:00 AM – 9:00 PM,dental_clinic,Northland,Kaikohe,no_prices
Te Hau Ora O Ngāpuhi,"113 Broadway, Kaikohe 0405, New Zealand",09 405 2647,+64 9 405 2647,https://tehauoraongapuhi.org/,4.8,4,OPERATIONAL,https://maps.google.com/?cid=18061533244631658042&g_mp=Cidnb29nbGUubWFwcy5wbGFjZXMudjEuUGxhY2VzLlNlYXJjaFRleHQQAhgEIAA,Monday: 8:30 AM – 5:00 PM; Tuesday: 8:30 AM – 5:00 PM; Wednesday: 8:30 AM – 5:00 PM; Thursday: 8:30 AM – 5:00 PM; Friday: 8:30 AM – 5:00 PM; Saturday: Closed; Sunday: Closed,dental_clinic,Northland,Kaikohe,no_prices
Take Ngakau,"2 Raihara Street, Kaikohe 0405, New Zealand",09 401 0906,+64 9 401 0906,,,,OPERATIONAL,https://maps.google.com/?cid=2211048087249718924&g_mp=Cidnb29nbGUubWFwcy5wbGFjZXMudjEuUGxhY2VzLlNlYXJjaFRleHQQAhgEIAA,,dental_clinic,Northland,Kaikohe,no_prices
Mangawhai Dental Clinic,"30 Moir Street, Mangawhai 0505, New Zealand",09 431 5884,+64 9 431 5884,http://www.mangawhaidental.co.nz/,4.8,18,OPERATIONAL,https://maps.google.com/?cid=9707091123263073197&g_mp=Cidnb29nbGUubWFwcy5wbGFjZXMudjEuUGxhY2VzLlNlYXJjaFRleHQQAhgEIAA,Monday: 8:30 AM – 5:00 PM; Tuesday: 8:30 AM – 5:00 PM; Wednesday: 8:30 AM – 5:00 PM; Thursday: 8:30 AM – 5:00 PM; Friday: 8:30 AM – 5:00 PM; Saturday: Closed; Sunday: Closed,dental_clinic,Northland,Mangawhai,no_prices
Dental Domain Mangawhai,"1 Kagan Avenue, Mangawhai 0505, New Zealand",09 777 4343,+64 9 777 4343,https://dentaldomain.co.nz/,4.8,32,OPERATIONAL,https://maps.google.com/?cid=9640672216027623914&g_mp=Cidnb29nbGUubWFwcy5wbGFjZXMudjEuUGxhY2VzLlNlYXJjaFRleHQQAhgEIAA,Monday: 9:00 AM – 5:00 PM; Tuesday: 9:00 AM – 5:00 PM; Wednesday: 9:00 AM – 5:00 PM; Thursday: 9:00 AM – 5:00 PM; Friday: 9:00 AM – 5:00 PM; Saturday: Closed; Sunday: Closed,dental_clinic,Northland,Mangawhai,no_prices
Bay of Islands Hospital,"Hospital Road, Kawakawa 0210, New Zealand",09 404 0280,+64 9 404 0280,https://www.northlanddhb.org.nz/our-services/our-hospitals/bay-of-islands-hospital-services/,4.6,46,OPERATIONAL,https://maps.google.com/?cid=2726561442758819381&g_mp=Cidnb29nbGUubWFwcy5wbGFjZXMudjEuUGxhY2VzLlNlYXJjaFRleHQQAhgEIAA,Monday: Open 24 hours; Tuesday: Open 24 hours; Wednesday: Open 24 hours; Thursday: Open 24 hours; Friday: Open 24 hours; Saturday: Open 24 hours; Sunday: Open 24 hours,dental_clinic,Northland,Kawakawa,no_prices
Ngati Hine Health Trust,"2/4 Rayner Street, Kawakawa 0210, New Zealand",0800 737 573,+64 800 737 573,http://www.nhht.co.nz/,4.7,40,OPERATIONAL,https://maps.google.com/?cid=12574779558357718735&g_mp=Cidnb29nbGUubWFwcy5wbGFjZXMudjEuUGxhY2VzLlNlYXJjaFRleHQQAhgEIAA,Monday: 8:30 AM – 5:00 PM; Tuesday: 8:30 AM – 5:00 PM; Wednesday: 8:30 AM – 5:00 PM; Thursday: 8:30 AM – 5:00 PM; Friday: 8:30 AM – 5:00 PM; Saturday: Closed; Sunday: Closed,dental_clinic,Northland,Kawakawa,no_prices
Four Square Kawakawa,"71 Gillies Street, Kawakawa 0210, New Zealand",09 404 0383,+64 9 404 0383,https://www.foursquare.co.nz/upper-north-island/northland/kawakawa?utm_source=google&utm_medium=organic&utm_campaign=Google+My+Business&utm_term=plcid_4502815434252232298&utm_content=Four+Square+Kawakawa,4.3,166,OPERATIONAL,https://maps.google.com/?cid=9887522221219586122&g_mp=Cidnb29nbGUubWFwcy5wbGFjZXMudjEuUGxhY2VzLlNlYXJjaFRleHQQAhgEIAA,Monday: 7:00 AM – 7:00 PM; Tuesday: 7:00 AM – 7:00 PM; Wednesday: 7:00 AM – 7:00 PM; Thursday: 7:00 AM – 7:00 PM; Friday: 7:00 AM – 7:00 PM; Saturday: 8:00 AM – 7:00 PM; Sunday: 9:00 AM – 6:30 PM,dental_clinic,Northland,Kawakawa,no_prices
Kawakawa Pharmacy Ltd,"21-23 Gillies Street, Kawakawa 0210, New Zealand",09 404 0519,+64 9 404 0519,https://www.healthpoint.co.nz/pharmacy/pharmacy/kawakawa-pharmacy/,4.4,16,OPERATIONAL,https://maps.google.com/?cid=12487505538712146370&g_mp=Cidnb29nbGUubWFwcy5wbGFjZXMudjEuUGxhY2VzLlNlYXJjaFRleHQQAhgEIAA,Monday: 9:00 AM – 5:30 PM; Tuesday: 9:00 AM – 5:30 PM; Wednesday: 9:00 AM – 5:30 PM; Thursday: 9:00 AM – 5:30 PM; Friday: 9:00 AM – 5:30 PM; Saturday: 9:30 AM – 12:00 PM; Sunday: Closed,dental_clinic,Northland,Kawakawa,no_prices
Bay Denture Studio,"5 Maraenui Drive, Kerikeri 0293, New Zealand",09 407 4251,+64 9 407 4251,https://www.baydenturestudio.co.nz/,5,3,OPERATIONAL,https://maps.google.com/?cid=16394466346943288759&g_mp=Cidnb29nbGUubWFwcy5wbGFjZXMudjEuUGxhY2VzLlNlYXJjaFRleHQQAhgEIAA,,dental_clinic,Northland,Kawakawa,no_prices
Gentle Dental Ruakaka,"19/378 Marsden Point Road, Ruakākā 0171, New Zealand",09 432 8139,+64 9 432 8139,,5,6,OPERATIONAL,https://maps.google.com/?cid=7852291358313617809&g_mp=Cidnb29nbGUubWFwcy5wbGFjZXMudjEuUGxhY2VzLlNlYXJjaFRleHQQAhgEIAA,Monday: 8:30 AM – 5:00 PM; Tuesday: 8:30 AM – 5:00 PM; Wednesday: 8:30 AM – 5:00 PM; Thursday: 8:30 AM – 5:00 PM; Friday: 8:30 AM – 5:00 PM; Saturday: Closed; Sunday: Closed,dental_clinic,Northland,Ruakākā,no_prices
Waipu Medical Centre,"56 Cove Road, Waipu 0510, New Zealand",09 432 1190,+64 9 432 1190,,2.2,10,OPERATIONAL,https://maps.google.com/?cid=11559542889183944662&g_mp=Cidnb29nbGUubWFwcy5wbGFjZXMudjEuUGxhY2VzLlNlYXJjaFRleHQQAhgEIAA,Monday: 8:00 AM – 5:00 PM; Tuesday: 8:00 AM – 5:00 PM; Wednesday: 8:00 AM – 5:00 PM; Thursday: 8:00 AM – 5:00 PM; Friday: 8:00 AM – 5:00 PM; Saturday: Closed; Sunday: Closed,dental_clinic,Northland,Waipu,no_prices
The Vet Centre Waipu,"53 The Centre, Waipu 0510, New Zealand",09 432 0693,+64 9 432 0693,http://www.thevetcentrenorthland.co.nz/,4.7,118,OPERATIONAL,https://maps.google.com/?cid=12289535912422307610&g_mp=Cidnb29nbGUubWFwcy5wbGFjZXMudjEuUGxhY2VzLlNlYXJjaFRleHQQAhgEIAA,Monday: 8:00 AM – 5:00 PM; Tuesday: 8:00 AM – 5:00 PM; Wednesday: 8:00 AM – 5:00 PM; Thursday: 8:00 AM – 5:00 PM; Friday: 8:00 AM – 5:00 PM; Saturday: 9:00 AM – 12:30 PM; Sunday: Closed,dental_clinic,Northland,Waipu,no_prices
Four Square Waipu,"43 The Centre, Waipu 0510, New Zealand",09 432 0004,+64 9 432 0004,https://www.foursquare.co.nz/upper-north-island/northland/waipu?utm_source=google&utm_medium=organic&utm_campaign=Google+My+Business&utm_term=plcid_11315720231203292717&utm_content=Four+Square+Waipu,4.4,350,OPERATIONAL,https://maps.google.com/?cid=10319142193448004983&g_mp=Cidnb29nbGUubWFwcy5wbGFjZXMudjEuUGxhY2VzLlNlYXJjaFRleHQQAhgEIAA,Monday: 7:00 AM – 8:00 PM; Tuesday: 7:00 AM – 8:00 PM; Wednesday: 7:00 AM – 8:00 PM; Thursday: 7:00 AM – 8:00 PM; Friday: 7:00 AM – 8:00 PM; Saturday: 7:00 AM – 8:00 PM; Sunday: 7:00 AM – 8:00 PM,dental_clinic,Northland,Waipu,no_prices
Skin Image Waipu,"86 The Centre, Waipu 0510, New Zealand",022 394 1184,+64 22 394 1184,http://www.skinimage.co.nz/,5,30,OPERATIONAL,https://maps.google.com/?cid=7614593959584696010&g_mp=Cidnb29nbGUubWFwcy5wbGFjZXMudjEuUGxhY2VzLlNlYXJjaFRleHQQAhgEIAA,Monday: 9:00 AM – 7:00 PM; Tuesday: Closed; Wednesday: 9:00 AM – 7:00 PM; Thursday: Closed; Friday: 9:00 AM – 7:00 PM; Saturday: Closed; Sunday: Closed,dental_clinic,Northland,Waipu,no_prices
Yourvet ltd,"8 Millbrook Road, Waipu 0582, New Zealand",09 432 0500,+64 9 432 0500,http://www.yourvet.co.nz/,4.9,121,OPERATIONAL,https://maps.google.com/?cid=5267179420779707710&g_mp=Cidnb29nbGUubWFwcy5wbGFjZXMudjEuUGxhY2VzLlNlYXJjaFRleHQQAhgEIAA,Monday: 8:00 AM – 5:00 PM; Tuesday: 8:00 AM – 5:00 PM; Wednesday: 8:00 AM – 5:00 PM; Thursday: 8:00 AM – 6:00 PM; Friday: 8:00 AM – 5:00 PM; Saturday: 9:00 AM – 12:00 PM; Sunday: Closed,dental_clinic,Northland,Waipu,no_prices
Waipu Pharmacy,"25 The Centre, Waipu 0510, New Zealand",09 432 0035,+64 9 432 0035,http://www.waipupharmacy.co.nz/,4.1,23,OPERATIONAL,https://maps.google.com/?cid=472661239990860667&g_mp=Cidnb29nbGUubWFwcy5wbGFjZXMudjEuUGxhY2VzLlNlYXJjaFRleHQQAhgEIAA,Monday: 9:00 AM – 5:00 PM; Tuesday: 9:00 AM – 5:00 PM; Wednesday: 9:00 AM – 5:00 PM; Thursday: 9:00 AM – 5:00 PM; Friday: 9:00 AM – 5:00 PM; Saturday: 9:00 AM – 12:00 PM; Sunday: Closed,dental_clinic,Northland,Waipu,no_prices
Waipu Liquor Centre,"15 The Centre, Waipu 0510, New Zealand",09 432 0225,+64 9 432 0225,https://www.waipuliquorcentre.co.nz/,4.5,53,OPERATIONAL,https://maps.google.com/?cid=983744586961407523&g_mp=Cidnb29nbGUubWFwcy5wbGFjZXMudjEuUGxhY2VzLlNlYXJjaFRleHQQAhgEIAA,Monday: 10:30 AM – 6:30 PM; Tuesday: 10:30 AM – 7:00 PM; Wednesday: 10:30 AM – 7:00 PM; Thursday: 10:30 AM – 7:00 PM; Friday: 10:30 AM – 7:30 PM; Saturday: 10:30 AM – 7:30 PM; Sunday: 11:00 AM – 6:30 PM,dental_clinic,Northland,Waipu,no_prices
Hokianga Health Enterprise Trust,"163 Parnell Street, Rawene 0473, New Zealand",09 405 7709,+64 9 405 7709,http://www.hokiangahealth.org.nz/index.php,4.9,7,OPERATIONAL,https://maps.google.com/?cid=10591240606821047037&g_mp=Cidnb29nbGUubWFwcy5wbGFjZXMudjEuUGxhY2VzLlNlYXJjaFRleHQQAhgEIAA,Monday: Open 24 hours; Tuesday: Open 24 hours; Wednesday: Open 24 hours; Thursday: Open 24 hours; Friday: Open 24 hours; Saturday: Open 24 hours; Sunday: Open 24 hours,dental_clinic,Northland,Rawene,no_prices
Rawene Clinic,"163 Parnell Street, Rawene 0473, New Zealand",09 405 7709,+64 9 405 7709,https://bookmyvaccine.nz,,,OPERATIONAL,https://maps.google.com/?cid=5176273020944758422&g_mp=Cidnb29nbGUubWFwcy5wbGFjZXMudjEuUGxhY2VzLlNlYXJjaFRleHQQAhgEIAA,,dental_clinic,Northland,Rawene,no_prices
YourVet,"86 Hurndall Street East, Maungaturoto 0520, New Zealand",09 431 8504,+64 9 431 8504,http://www.yourvet.co.nz/,4.9,38,OPERATIONAL,https://maps.google.com/?cid=7585912697417983639&g_mp=Cidnb29nbGUubWFwcy5wbGFjZXMudjEuUGxhY2VzLlNlYXJjaFRleHQQAhgEIAA,Monday: 8:00 AM – 5:00 PM; Tuesday: 8:00 AM – 5:00 PM; Wednesday: 8:00 AM – 5:00 PM; Thursday: 8:00 AM – 5:00 PM; Friday: 8:00 AM – 5:00 PM; Saturday: 9:00 AM – 12:00 PM; Sunday: Closed,dental_clinic,Northland,Maungaturoto,no_prices
Unichem Orrs Maungaturoto Pharmacy,"144 Hurndall Street East, Maungaturoto 0520, New Zealand",09 431 8045,+64 9 431 8045,https://www.unichem.co.nz/pharmacy-location-services/unichem-orrs-pharmacy-maungaturoto,4.5,22,OPERATIONAL,https://maps.google.com/?cid=4303083393050159952&g_mp=Cidnb29nbGUubWFwcy5wbGFjZXMudjEuUGxhY2VzLlNlYXJjaFRleHQQAhgEIAA,Monday: 9:00 AM – 5:00 PM; Tuesday: 9:00 AM – 5:00 PM; Wednesday: 9:00 AM – 5:00 PM; Thursday: 9:00 AM – 5:00 PM; Friday: 9:00 AM – 5:00 PM; Saturday: Closed; Sunday: Closed,dental_clinic,Northland,Maungaturoto,no_prices
Smart Start Interlocks,"10 Griffin Road, Maungaturoto 0583, New Zealand",0800 002 182,+64 800 002 182,https://www.smartstartinterlocks.co.nz/,4.7,352,OPERATIONAL,https://maps.google.com/?cid=16043493086170801588&g_mp=Cidnb29nbGUubWFwcy5wbGFjZXMudjEuUGxhY2VzLlNlYXJjaFRleHQQAhgEIAA,Monday: 7:00 AM – 5:00 PM; Tuesday: 7:00 AM – 5:00 PM; Wednesday: 7:00 AM – 5:00 PM; Thursday: 7:00 AM – 5:00 PM; Friday: 7:00 AM – 5:00 PM; Saturday: Closed; Sunday: Closed,dental_clinic,Northland,Maungaturoto,no_prices
Four Square Maungaturoto,"163 Hurndall Street East, West, Maungaturoto 0520, New Zealand",09 431 8700,+64 9 431 8700,https://www.foursquare.co.nz/upper-north-island/northland/maungaturoto?utm_source=google&utm_medium=organic&utm_campaign=Google+My+Business&utm_term=plcid_13110930130259868802&utm_content=Four+Square+Maungaturoto,4.2,229,OPERATIONAL,https://maps.google.com/?cid=6276860507397022175&g_mp=Cidnb29nbGUubWFwcy5wbGFjZXMudjEuUGxhY2VzLlNlYXJjaFRleHQQAhgEIAA,Monday: 7:30 AM – 6:30 PM; Tuesday: 7:30 AM – 6:30 PM; Wednesday: 7:30 AM – 6:30 PM; Thursday: 7:30 AM – 6:30 PM; Friday: 7:30 AM – 6:30 PM; Saturday: 8:00 AM – 6:30 PM; Sunday: 9:00 AM – 6:30 PM,dental_clinic,Northland,Maungaturoto,no_prices
Wellsford Dental Centre,"163 Rodney Street, Wellsford 0900, New Zealand",09 423 8017,+64 9 423 8017,http://wellsforddental.co.nz/,5,73,OPERATIONAL,https://maps.google.com/?cid=14640551905406908076&g_mp=Cidnb29nbGUubWFwcy5wbGFjZXMudjEuUGxhY2VzLlNlYXJjaFRleHQQAhgEIAA,Monday: 8:30 AM – 5:00 PM; Tuesday: 8:30 AM – 5:00 PM; Wednesday: 9:00 AM – 5:00 PM; Thursday: 8:30 AM – 5:00 PM; Friday: 7:30 AM – 3:30 PM; Saturday: Closed; Sunday: Closed,dental_clinic,Northland,Kaiwaka,no_prices
Four Square Kaiwaka,"1 Kaiwaka Mangawhai Road, Northland, Kaiwaka 0975, New Zealand",09 431 2227,+64 9 431 2227,https://www.foursquare.co.nz/upper-north-island/northland/kaiwaka?utm_source=google&utm_medium=organic&utm_campaign=Google+My+Business&utm_term=plcid_13535945022390292549&utm_content=Four+Square+Kaiwaka,4.3,95,OPERATIONAL,https://maps.google.com/?cid=14245843759784405774&g_mp=Cidnb29nbGUubWFwcy5wbGFjZXMudjEuUGxhY2VzLlNlYXJjaFRleHQQAhgEIAA,Monday: 7:30 AM – 7:30 PM; Tuesday: 7:30 AM – 7:30 PM; Wednesday: 7:30 AM – 7:30 PM; Thursday: 7:30 AM – 7:30 PM; Friday: 7:30 AM – 7:30 PM; Saturday: 7:30 AM – 7:30 PM; Sunday: 7:30 AM – 7:30 PM,dental_clinic,Northland,Kaiwaka,no_prices
AIRLYTE: Animal Bedding & Garden Mulch,"1916 State Highway 1, Kaiwaka 0573, New Zealand",0274 341 329,+64 274 341 329,http://www.airlyte.co.nz/,5,1,OPERATIONAL,https://maps.google.com/?cid=8969382320305871214&g_mp=Cidnb29nbGUubWFwcy5wbGFjZXMudjEuUGxhY2VzLlNlYXJjaFRleHQQAhgEIAA,Monday: 10:00 AM – 4:00 PM; Tuesday: 10:00 AM – 4:00 PM; Wednesday: 10:00 AM – 4:00 PM; Thursday: 10:00 AM – 4:00 PM; Friday: 10:00 AM – 4:00 PM; Saturday: Closed; Sunday: Closed,dental_clinic,Northland,Kaiwaka,no_prices
Dr. Karthik Mohan,"163 Rodney Street, Wellsford 0900, New Zealand",09 423 8017,+64 9 423 8017,,,,OPERATIONAL,https://maps.google.com/?cid=4984235003478119797&g_mp=Cidnb29nbGUubWFwcy5wbGFjZXMudjEuUGxhY2VzLlNlYXJjaFRleHQQAhgEIAA,,dental_clinic,Northland,Kaiwaka,no_prices
Hikurangi Veterinary Services - Northland Veterinary Services,"Cnr George Street & Parks Streets, Hikurangi 0114, New Zealand",09 470 1060,+64 9 470 1060,https://www.northvets.co.nz/locations/hikurangi/,4.6,49,OPERATIONAL,https://maps.google.com/?cid=16302676479180831291&g_mp=Cidnb29nbGUubWFwcy5wbGFjZXMudjEuUGxhY2VzLlNlYXJjaFRleHQQAhgEIAA,Monday: 8:00 AM – 5:00 PM; Tuesday: 8:00 AM – 5:00 PM; Wednesday: 8:00 AM – 5:00 PM; Thursday: 8:00 AM – 5:00 PM; Friday: 8:00 AM – 5:00 PM; Saturday: Closed; Sunday: Closed,dental_clinic,Northland,Hikurangi,no_prices
Four Square Hikurangi,"29 King Street, Hikurangi 0114, New Zealand",09 433 8818,+64 9 433 8818,https://www.foursquare.co.nz/upper-north-island/northland/hikurangi?utm_source=google&utm_medium=organic&utm_campaign=Google+My+Business&utm_term=plcid_12884540354851611325&utm_content=Four+Square+Hikurangi,4.1,196,OPERATIONAL,https://maps.google.com/?cid=16375361506333160030&g_mp=Cidnb29nbGUubWFwcy5wbGFjZXMudjEuUGxhY2VzLlNlYXJjaFRleHQQAhgEIAA,Monday: 7:00 AM – 8:00 PM; Tuesday: 7:00 AM – 8:00 PM; Wednesday: 7:00 AM – 8:00 PM; Thursday: 7:00 AM – 8:00 PM; Friday: 7:00 AM – 8:00 PM; Saturday: 7:00 AM – 8:00 PM; Sunday: 7:30 AM – 8:00 PM,dental_clinic,Northland,Hikurangi,no_prices
West Coast Dental Kaitaia | Lumino The Dentists,"37 Puckey Avenue, Kaitaia 0410, New Zealand",09 408 4070,+64 9 408 4070,https://lumino.co.nz/dentists/west-coast-dental-kaitaia/?utm_source=google_business_profile&utm_medium=organic,3.4,5,OPERATIONAL,https://maps.google.com/?cid=5482249376729412354&g_mp=Cidnb29nbGUubWFwcy5wbGFjZXMudjEuUGxhY2VzLlNlYXJjaFRleHQQAhgEIAA,Monday: 9:00 AM – 5:00 PM; Tuesday: 9:00 AM – 5:00 PM; Wednesday: 9:00 AM – 5:00 PM; Thursday: 9:00 AM – 5:00 PM; Friday: 9:00 AM – 1:00 PM; Saturday: Closed; Sunday: Closed,dental_clinic,Northland,Kaitāia,no_prices
Kaitaia Primary School Dental Clinic,"5 Church Road, Kaitaia 0410, New Zealand",09 408 2310,+64 9 408 2310,,,,OPERATIONAL,https://maps.google.com/?cid=14332808664810950005&g_mp=Cidnb29nbGUubWFwcy5wbGFjZXMudjEuUGxhY2VzLlNlYXJjaFRleHQQAhgEIAA,,dental_clinic,Northland,Kaitāia,no_prices
