name,address,phone_national,phone_international,website,rating,total_ratings,business_status,google_maps_url,opening_hours,category,region,town,price,date_scraped
Hamilton Dental Emergency Centre,"481 Anglesea Street, Hamilton Central, Hamilton 3204, New Zealand",07 834 9293,+64 7 834 9293,http://www.hamiltonemergencydentist.co.nz/,4.6,518,OPERATIONAL,https://maps.google.com/?cid=4812227232815291222&g_mp=Cidnb29nbGUubWFwcy5wbGFjZXMudjEuUGxhY2VzLlNlYXJjaFRleHQQAhgEIAA,Monday: 7:00 AM – 7:00 PM; Tuesday: 7:00 AM – 7:00 PM; Wednesday: 7:00 AM – 7:00 PM; Thursday: 7:00 AM – 7:00 PM; Friday: 7:00 AM – 7:00 PM; Saturday: 7:00 AM – 7:00 PM; Sunday: 9:00 AM – 5:00 PM,dental_clinic,Waikato,Hamilton Central,no_prices,2026-03-18
Victoria Dentists,"270 Victoria Street, Hamilton Central, Hamilton 3204, New Zealand",07 839 1660,+64 7 839 1660,http://victoriadentists.co.nz/,4.9,115,OPERATIONAL,https://maps.google.com/?cid=7933417903959678506&g_mp=Cidnb29nbGUubWFwcy5wbGFjZXMudjEuUGxhY2VzLlNlYXJjaFRleHQQAhgEIAA,Monday: 8:00 AM – 5:00 PM; Tuesday: 8:00 AM – 5:00 PM; Wednesday: 8:00 AM – 5:00 PM; Thursday: 8:00 AM – 5:00 PM; Friday: 8:00 AM – 5:00 PM; Saturday: 9:00 AM – 1:00 PM; Sunday: Closed,dental_clinic,Waikato,Hamilton Central,no_prices,2026-03-18
Gentle Dental Hamilton,"24 Harwood Street, Hamilton Central, Hamilton 3204, New Zealand",07 839 0353,+64 7 839 0353,http://gentledentalhamilton.com/contact-us.php,4.8,54,OPERATIONAL,https://maps.google.com/?cid=16686679907469211214&g_mp=Cidnb29nbGUubWFwcy5wbGFjZXMudjEuUGxhY2VzLlNlYXJjaFRleHQQAhgEIAA,Monday: 8:30 AM – 5:30 PM; Tuesday: 8:30 AM – 6:00 PM; Wednesday: 8:30 AM – 5:30 PM; Thursday: 8:30 AM – 6:30 PM; Friday: 8:30 AM – 12:30 PM; Saturday: Closed; Sunday: Closed,dental_clinic,Waikato,Hamilton Central,no_prices,2026-03-18
Hamilton East Dental Centre,"395 Grey Street, Hamilton East, Hamilton 3216, New Zealand",07 856 6438,+64 7 856 6438,https://hamiltoneastdentalcentre.co.nz/,4.2,21,OPERATIONAL,https://maps.google.com/?cid=8375068150200905889&g_mp=Cidnb29nbGUubWFwcy5wbGFjZXMudjEuUGxhY2VzLlNlYXJjaFRleHQQAhgEIAA,Monday: 8:00 AM – 5:00 PM; Tuesday: 8:00 AM – 5:00 PM; Wednesday: 8:00 AM – 5:00 PM; Thursday: 8:00 AM – 5:00 PM; Friday: 8:00 AM – 5:00 PM; Saturday: Closed; Sunday: Closed,dental_clinic,Waikato,Hamilton Central,no_prices,2026-03-18
City Smile Dental - Anglesea St Dentist Hamilton,"487D Anglesea Street, Hamilton Central, Hamilton 3204, New Zealand",0800 248 976,+64 800 248 976,https://citysmiledental.co.nz/,4.7,328,OPERATIONAL,https://maps.google.com/?cid=16612089689001492899&g_mp=Cidnb29nbGUubWFwcy5wbGFjZXMudjEuUGxhY2VzLlNlYXJjaFRleHQQAhgEIAA,Monday: 8:00 AM – 6:00 PM; Tuesday: 8:00 AM – 6:00 PM; Wednesday: 8:00 AM – 6:00 PM; Thursday: 8:00 AM – 6:00 PM; Friday: 8:00 AM – 6:00 PM; Saturday: 8:00 AM – 3:00 PM; Sunday: 9:00 AM – 1:00 PM,dental_clinic,Waikato,Hamilton Central,no_prices,2026-03-18
Garden Place Dental Hamilton | Lumino The Dentists,"Level 3/24 Garden Place, Hamilton Central, Hamilton 3204, New Zealand",07 839 5862,+64 7 839 5862,https://lumino.co.nz/dentists/garden-place-dental-hamilton/?utm_source=google_business_profile&utm_medium=organic,4.8,48,OPERATIONAL,https://maps.google.com/?cid=5963412896873647720&g_mp=Cidnb29nbGUubWFwcy5wbGFjZXMudjEuUGxhY2VzLlNlYXJjaFRleHQQAhgEIAA,Monday: 8:00 AM – 5:00 PM; Tuesday: 8:00 AM – 5:00 PM; Wednesday: 8:00 AM – 6:00 PM; Thursday: 8:00 AM – 5:00 PM; Friday: 8:00 AM – 5:00 PM; Saturday: Closed; Sunday: Closed,dental_clinic,Waikato,Hamilton Central,no_prices,2026-03-18
Dental Holistix,"Cnr Anglesea &, Thackeray Street, Hamilton Central, Hamilton 3204, New Zealand",07 858 0750,+64 7 858 0750,https://dentalholistix.co.nz/,4.9,95,OPERATIONAL,https://maps.google.com/?cid=16748439580955911040&g_mp=Cidnb29nbGUubWFwcy5wbGFjZXMudjEuUGxhY2VzLlNlYXJjaFRleHQQAhgEIAA,Monday: 8:30 AM – 5:00 PM; Tuesday: 8:30 AM – 5:00 PM; Wednesday: 8:30 AM – 5:00 PM; Thursday: 8:30 AM – 5:00 PM; Friday: 8:30 AM – 5:00 PM; Saturday: Closed; Sunday: Closed,dental_clinic,Waikato,Hamilton Central,no_prices,2026-03-18
Hamilton Dental Clinic,"41 Karewa Place, Pukete, Hamilton 3200, New Zealand",0800 765 777,+64 800 765 777,https://hamiltondental.nz/,5,3,OPERATIONAL,https://maps.google.com/?cid=4398674238964196027&g_mp=Cidnb29nbGUubWFwcy5wbGFjZXMudjEuUGxhY2VzLlNlYXJjaFRleHQQAhgEIAA,Monday: 9:00 AM – 5:00 PM; Tuesday: 9:00 AM – 5:00 PM; Wednesday: 9:00 AM – 5:00 PM; Thursday: 9:00 AM – 5:00 PM; Friday: 9:00 AM – 5:00 PM; Saturday: Closed; Sunday: Closed,dental_clinic,Waikato,Hamilton Central,no_prices,2026-03-18
Oral Hygiene Clinic,"7/113 Alexandra Street, Hamilton Central, Hamilton 3204, New Zealand",022 610 0425,+64 22 610 0425,http://www.oralhygieneclinic.co.nz/,5,57,OPERATIONAL,https://maps.google.com/?cid=225981587615419116&g_mp=Cidnb29nbGUubWFwcy5wbGFjZXMudjEuUGxhY2VzLlNlYXJjaFRleHQQAhgEIAA,Monday: 9:00 AM – 4:30 PM; Tuesday: 9:00 AM – 1:00 PM; Wednesday: 9:00 AM – 4:30 PM; Thursday: 9:00 AM – 4:30 PM; Friday: 9:00 AM – 1:00 PM; Saturday: Closed; Sunday: Closed,dental_clinic,Waikato,Hamilton Central,no_prices,2026-03-18
Waikato Dental,"1000 Victoria Street, Whitiora, Hamilton 3200, New Zealand",07 839 5298,+64 7 839 5298,https://www.waikatodental.com/,4.4,64,OPERATIONAL,https://maps.google.com/?cid=8050383388437372482&g_mp=Cidnb29nbGUubWFwcy5wbGFjZXMudjEuUGxhY2VzLlNlYXJjaFRleHQQAhgEIAA,Monday: 8:30 AM – 5:00 PM; Tuesday: 8:30 AM – 5:00 PM; Wednesday: 8:30 AM – 5:00 PM; Thursday: 8:30 AM – 5:00 PM; Friday: 8:30 AM – 5:00 PM; Saturday: Closed; Sunday: Closed,dental_clinic,Waikato,Hamilton Central,no_prices,2026-03-18
Changing Faces,"1 Hill Street, Hamilton Lake, Hamilton 3204, New Zealand",07 839 4080,+64 7 839 4080,http://www.changingfaces.co.nz/,4.1,86,OPERATIONAL,https://maps.google.com/?cid=2879575518667931913&g_mp=Cidnb29nbGUubWFwcy5wbGFjZXMudjEuUGxhY2VzLlNlYXJjaFRleHQQAhgEIAA,Monday: 8:00 AM – 6:00 PM; Tuesday: 8:00 AM – 6:00 PM; Wednesday: 8:00 AM – 6:00 PM; Thursday: 8:00 AM – 6:00 PM; Friday: Closed; Saturday: Closed; Sunday: Closed,dental_clinic,Waikato,Hamilton Central,no_prices,2026-03-18
Hamilton Dental Centre,"3/111 Thomas Road, Rototuna, Hamilton 3210, New Zealand",07 854 8905,+64 7 854 8905,https://www.thehamiltondentist.co.nz/,4.9,249,OPERATIONAL,https://maps.google.com/?cid=8957110264370332006&g_mp=Cidnb29nbGUubWFwcy5wbGFjZXMudjEuUGxhY2VzLlNlYXJjaFRleHQQAhgEIAA,Monday: 8:00 AM – 6:00 PM; Tuesday: 8:00 AM – 6:00 PM; Wednesday: 8:00 AM – 6:00 PM; Thursday: 8:00 AM – 6:00 PM; Friday: 8:00 AM – 1:00 PM; Saturday: Closed; Sunday: Closed,dental_clinic,Waikato,Hamilton Central,no_prices,2026-03-18
City Smile Dental - Victoria St Dentist Hamilton,"King St Building Level One/462 Victoria Street, Hamilton Central, Hamilton 3204, New Zealand",0800 248 976,+64 800 248 976,http://www.citysmiledental.co.nz/,4.2,67,OPERATIONAL,https://maps.google.com/?cid=8552342591533352106&g_mp=Cidnb29nbGUubWFwcy5wbGFjZXMudjEuUGxhY2VzLlNlYXJjaFRleHQQAhgEIAA,Monday: 7:00 AM – 7:00 PM; Tuesday: 7:00 AM – 7:00 PM; Wednesday: 7:00 AM – 7:00 PM; Thursday: 7:00 AM – 7:00 PM; Friday: 7:00 AM – 7:00 PM; Saturday: 7:00 AM – 3:00 PM; Sunday: Closed,dental_clinic,Waikato,Hamilton Central,no_prices,2026-03-18
Hamilton Family Dental,"1359 Victoria Street, Beerescourt, Hamilton 3200, New Zealand",07 214 5987,+64 7 214 5987,http://www.hamiltonfamilydental.co.nz/,4.3,95,OPERATIONAL,https://maps.google.com/?cid=11473286690390174325&g_mp=Cidnb29nbGUubWFwcy5wbGFjZXMudjEuUGxhY2VzLlNlYXJjaFRleHQQAhgEIAA,Monday: 8:00 AM – 5:00 PM; Tuesday: 8:00 AM – 5:00 PM; Wednesday: 8:00 AM – 5:00 PM; Thursday: 8:00 AM – 5:00 PM; Friday: 8:00 AM – 5:00 PM; Saturday: Closed; Sunday: Closed,dental_clinic,Waikato,Hamilton Central,no_prices,2026-03-18
River Road Dental Centre,"608 River Road, Fairfield, Hamilton 3214, New Zealand",07 853 3166,+64 7 853 3166,http://www.riverroaddental.co.nz/,4.9,273,OPERATIONAL,https://maps.google.com/?cid=10230734451937123999&g_mp=Cidnb29nbGUubWFwcy5wbGFjZXMudjEuUGxhY2VzLlNlYXJjaFRleHQQAhgEIAA,Monday: 8:00 AM – 5:15 PM; Tuesday: 8:00 AM – 5:30 PM; Wednesday: 8:00 AM – 5:15 PM; Thursday: 8:30 AM – 5:15 PM; Friday: 8:00 AM – 5:15 PM; Saturday: Closed; Sunday: Closed,dental_clinic,Waikato,Hamilton Central,no_prices,2026-03-18
Dental Excellence,"1100 Victoria Street, Whitiora, Hamilton 3200, New Zealand",07 839 5831,+64 7 839 5831,http://www.dentalexcellence.co.nz/,5,4,OPERATIONAL,https://maps.google.com/?cid=4778468997913483033&g_mp=Cidnb29nbGUubWFwcy5wbGFjZXMudjEuUGxhY2VzLlNlYXJjaFRleHQQAhgEIAA,Monday: 8:00 AM – 5:00 PM; Tuesday: 8:00 AM – 5:00 PM; Wednesday: 8:00 AM – 5:00 PM; Thursday: 8:00 AM – 5:00 PM; Friday: 8:00 AM – 4:00 PM; Saturday: Closed; Sunday: Closed,dental_clinic,Waikato,Hamilton Central,no_prices,2026-03-18
Mackie Dental Specialists,"157 Anglesea Street, Hamilton Central, Hamilton 3204, New Zealand",07 839 2824,+64 7 839 2824,http://www.mackiedental.co.nz/,4,4,OPERATIONAL,https://maps.google.com/?cid=13882582981396180530&g_mp=Cidnb29nbGUubWFwcy5wbGFjZXMudjEuUGxhY2VzLlNlYXJjaFRleHQQAhgEIAA,Monday: 8:45 AM – 5:00 PM; Tuesday: 8:45 AM – 5:00 PM; Wednesday: 8:45 AM – 5:00 PM; Thursday: 8:45 AM – 5:00 PM; Friday: 8:45 AM – 4:00 AM; Saturday: Closed; Sunday: Closed,dental_clinic,Waikato,Hamilton Central,no_prices,2026-03-18
South City Dental,"91 Kahikatea Drive, Melville, Hamilton 3206, New Zealand",07 839 4041,+64 7 839 4041,http://www.southcitydental.co.nz/,4.8,60,OPERATIONAL,https://maps.google.com/?cid=16894145300696666181&g_mp=Cidnb29nbGUubWFwcy5wbGFjZXMudjEuUGxhY2VzLlNlYXJjaFRleHQQAhgEIAA,Monday: 8:00 AM – 7:00 PM; Tuesday: 8:00 AM – 6:00 PM; Wednesday: 8:00 AM – 7:00 PM; Thursday: 8:00 AM – 7:00 PM; Friday: 8:00 AM – 5:00 PM; Saturday: Closed; Sunday: Closed,dental_clinic,Waikato,Hamilton Central,no_prices,2026-03-18
Hillcrest Dental Centre,"153 Cambridge Road, Hillcrest, Hamilton 3216, New Zealand",07 856 7462,+64 7 856 7462,http://www.hillcrestdental.co.nz/,4.7,23,OPERATIONAL,https://maps.google.com/?cid=4882677618354366351&g_mp=Cidnb29nbGUubWFwcy5wbGFjZXMudjEuUGxhY2VzLlNlYXJjaFRleHQQAhgEIAA,Monday: 8:00 AM – 5:00 PM; Tuesday: 8:00 AM – 5:00 PM; Wednesday: 8:00 AM – 5:00 PM; Thursday: 8:00 AM – 5:00 PM; Friday: 8:00 AM – 5:00 PM; Saturday: Closed; Sunday: Closed,dental_clinic,Waikato,Hamilton Central,no_prices,2026-03-18
NorthCare Dental Centre,"110A Vickery Street, Te Rapa, Hamilton 3200, New Zealand",07 850 5100,+64 7 850 5100,http://www.ncdc.co.nz/,5,23,OPERATIONAL,https://maps.google.com/?cid=10975078911317899731&g_mp=Cidnb29nbGUubWFwcy5wbGFjZXMudjEuUGxhY2VzLlNlYXJjaFRleHQQAhgEIAA,Monday: 8:30 AM – 5:00 PM; Tuesday: 8:30 AM – 5:00 PM; Wednesday: 8:30 AM – 5:00 PM; Thursday: 8:30 AM – 5:00 PM; Friday: 9:00 AM – 3:00 PM; Saturday: Closed; Sunday: Closed,dental_clinic,Waikato,Hamilton Central,no_prices,2026-03-18
Medford House Dental Hamilton | Lumino The Dentists,"174 Collingwood Street, Hamilton Lake, Hamilton 3214, New Zealand",07 839 4030,+64 7 839 4030,https://lumino.co.nz/dentists/medford-house-dental-hamilton/?utm_source=google_business_profile&utm_medium=organic,4.7,30,OPERATIONAL,https://maps.google.com/?cid=16462648407003190838&g_mp=Cidnb29nbGUubWFwcy5wbGFjZXMudjEuUGxhY2VzLlNlYXJjaFRleHQQAhgEIAA,Monday: 8:00 AM – 5:00 PM; Tuesday: 8:00 AM – 6:00 PM; Wednesday: 8:00 AM – 5:00 PM; Thursday: 8:00 AM – 6:00 PM; Friday: 8:00 AM – 4:00 PM; Saturday: Closed; Sunday: Closed,dental_clinic,Waikato,Hamilton Central,no_prices,2026-03-18
Relax Dental,"32 Te Aroha Street, Hamilton East, Hamilton 3216, New Zealand",07 855 8199,+64 7 855 8199,http://relaxdental.co.nz/,4.6,49,OPERATIONAL,https://maps.google.com/?cid=15041295289052454755&g_mp=Cidnb29nbGUubWFwcy5wbGFjZXMudjEuUGxhY2VzLlNlYXJjaFRleHQQAhgEIAA,Monday: 7:30 AM – 3:30 PM; Tuesday: 7:30 AM – 3:30 PM; Wednesday: 7:30 AM – 3:30 PM; Thursday: 7:30 AM – 3:30 PM; Friday: 7:30 AM – 3:30 PM; Saturday: Closed; Sunday: Closed,dental_clinic,Waikato,Hamilton Central,no_prices,2026-03-18
Clinico Denture & Hearing - Hamilton,"33 Tawa Street, Melville, Hamilton 3206, New Zealand",0800 112 324,+64 800 112 324,http://www.clinico.co.nz/,4.9,126,OPERATIONAL,https://maps.google.com/?cid=2277298433137772052&g_mp=Cidnb29nbGUubWFwcy5wbGFjZXMudjEuUGxhY2VzLlNlYXJjaFRleHQQAhgEIAA,Monday: 8:00 AM – 5:00 PM; Tuesday: 8:00 AM – 5:00 PM; Wednesday: 8:00 AM – 5:00 PM; Thursday: 8:00 AM – 5:00 PM; Friday: 8:00 AM – 5:00 PM; Saturday: Closed; Sunday: Closed,dental_clinic,Waikato,Hamilton Central,no_prices,2026-03-18
Nawton Dental and Denture Centre,"61 Hyde Avenue, Nawton, Hamilton 3200, New Zealand",07 846 5678,+64 7 846 5678,https://www.nawtondentalcentre.co.nz/,4.8,222,OPERATIONAL,https://maps.google.com/?cid=14119977125647108681&g_mp=Cidnb29nbGUubWFwcy5wbGFjZXMudjEuUGxhY2VzLlNlYXJjaFRleHQQAhgEIAA,Monday: 7:30 AM – 4:30 PM; Tuesday: 7:30 AM – 7:00 PM; Wednesday: 7:30 AM – 7:00 PM; Thursday: 7:30 AM – 7:00 PM; Friday: 7:30 AM – 7:00 PM; Saturday: 8:30 AM – 4:30 PM; Sunday: 8:30 AM – 4:30 PM,dental_clinic,Waikato,Hamilton Central,no_prices,2026-03-18
Brite White Dental Centre,"Corner Rostrevor and Tristram Streets, 130 Rostrevor Street, Hamilton Central, Hamilton 3204, New Zealand",07 958 1435,+64 7 958 1435,https://www.britewhitedental.nz/,4.4,8,OPERATIONAL,https://maps.google.com/?cid=17847395065864736382&g_mp=Cidnb29nbGUubWFwcy5wbGFjZXMudjEuUGxhY2VzLlNlYXJjaFRleHQQAhgEIAA,Monday: 8:00 AM – 5:30 PM; Tuesday: 8:00 AM – 5:30 PM; Wednesday: 8:00 AM – 5:30 PM; Thursday: 8:00 AM – 5:30 PM; Friday: 8:00 AM – 5:30 PM; Saturday: 8:00 AM – 5:00 PM; Sunday: Closed,dental_clinic,Waikato,Hamilton Central,no_prices,2026-03-18
Alpha Dental Ltd,"Level 1/5 Somerset Street, Frankton, Hamilton 3204, New Zealand",09 360 0680,+64 9 360 0680,http://www.alphadental.co.nz/,5,1,OPERATIONAL,https://maps.google.com/?cid=7167521205437507297&g_mp=Cidnb29nbGUubWFwcy5wbGFjZXMudjEuUGxhY2VzLlNlYXJjaFRleHQQAhgEIAA,Monday: 10:00 AM – 3:00 PM; Tuesday: 10:00 AM – 3:00 PM; Wednesday: 10:00 AM – 3:00 PM; Thursday: 10:00 AM – 3:00 PM; Friday: 10:00 AM – 3:00 PM; Saturday: Closed; Sunday: Closed,dental_clinic,Waikato,Hamilton Central,no_prices,2026-03-18
Anglesea OMS,"62 Tristram Street, Hamilton Central, Hamilton 3204, New Zealand",07 858 0762,+64 7 858 0762,http://www.angleseaoms.co.nz/,5,49,OPERATIONAL,https://maps.google.com/?cid=3202216997636241557&g_mp=Cidnb29nbGUubWFwcy5wbGFjZXMudjEuUGxhY2VzLlNlYXJjaFRleHQQAhgEIAA,Monday: 8:00 AM – 5:00 PM; Tuesday: 8:00 AM – 5:00 PM; Wednesday: 8:00 AM – 5:00 PM; Thursday: 8:00 AM – 5:00 PM; Friday: 8:00 AM – 5:00 PM; Saturday: Closed; Sunday: Closed,dental_clinic,Waikato,Hamilton Central,no_prices,2026-03-18
The Tooth Group,"127 Peachgrove Road, Hamilton East, Hamilton 3216, New Zealand",07 855 7764,+64 7 855 7764,http://www.thetoothgroup.co.nz/,4.4,67,OPERATIONAL,https://maps.google.com/?cid=17170770195281862467&g_mp=Cidnb29nbGUubWFwcy5wbGFjZXMudjEuUGxhY2VzLlNlYXJjaFRleHQQAhgEIAA,Monday: 8:30 AM – 5:30 PM; Tuesday: 8:30 AM – 7:00 PM; Wednesday: 8:30 AM – 5:30 PM; Thursday: 8:30 AM – 7:00 PM; Friday: 8:30 AM – 5:30 PM; Saturday: Closed; Sunday: Closed,dental_clinic,Waikato,Hamilton Central,no_prices,2026-03-18
Dinsdale Dental and Denture Centre,"35/45 Whatawhata Road, Dinsdale, Hamilton 3204, New Zealand",07 846 6086,+64 7 846 6086,https://m.facebook.com/Dinsdale-Dental-and-Denture-Centre-112628811079332/?tsid=0.07797161706472067&source=result,4.4,30,OPERATIONAL,https://maps.google.com/?cid=3858328378774356025&g_mp=Cidnb29nbGUubWFwcy5wbGFjZXMudjEuUGxhY2VzLlNlYXJjaFRleHQQAhgEIAA,Monday: Closed; Tuesday: 8:30 AM – 4:30 PM; Wednesday: 8:30 AM – 4:30 PM; Thursday: 8:30 AM – 4:30 PM; Friday: 8:30 AM – 4:30 PM; Saturday: Closed; Sunday: Closed,dental_clinic,Waikato,Hamilton Central,no_prices,2026-03-18
Hamilton Orthodontics,"17 Pembroke Street, Hamilton Lake, Hamilton 3204, New Zealand",07 839 5870,+64 7 839 5870,https://hamiltonorthodontics.co.nz/,4.6,18,OPERATIONAL,https://maps.google.com/?cid=13816493374693378937&g_mp=Cidnb29nbGUubWFwcy5wbGFjZXMudjEuUGxhY2VzLlNlYXJjaFRleHQQAhgEIAA,Monday: 8:30 AM – 5:00 PM; Tuesday: 8:30 AM – 5:00 PM; Wednesday: 8:30 AM – 5:00 PM; Thursday: 8:30 AM – 5:00 PM; Friday: 8:30 AM – 4:00 PM; Saturday: Closed; Sunday: Closed,dental_clinic,Waikato,Hamilton Central,no_prices,2026-03-18
Avalon Dental,"6 Avalon Drive, Nawton, Hamilton 3200, New Zealand",07 847 5767,+64 7 847 5767,http://www.avalondental.co.nz/,4.3,40,OPERATIONAL,https://maps.google.com/?cid=5933462966066992146&g_mp=Cidnb29nbGUubWFwcy5wbGFjZXMudjEuUGxhY2VzLlNlYXJjaFRleHQQAhgEIAA,Monday: 8:00 AM – 5:00 PM; Tuesday: 8:00 AM – 5:00 PM; Wednesday: 8:00 AM – 5:00 PM; Thursday: 8:00 AM – 5:00 PM; Friday: 8:00 AM – 4:00 PM; Saturday: Closed; Sunday: Closed,dental_clinic,Waikato,Hamilton Central,no_prices,2026-03-18
Tulip Dental,"152 Horsham Downs Road, Rototuna North, Hamilton 3210, New Zealand",07 949 6947,+64 7 949 6947,http://www.tulipdental.co.nz/,4.9,245,OPERATIONAL,https://maps.google.com/?cid=5478925668135053645&g_mp=Cidnb29nbGUubWFwcy5wbGFjZXMudjEuUGxhY2VzLlNlYXJjaFRleHQQAhgEIAA,Monday: 8:00 AM – 5:00 PM; Tuesday: 8:00 AM – 5:00 PM; Wednesday: 8:00 AM – 5:00 PM; Thursday: 8:00 AM – 5:00 PM; Friday: 8:30 AM – 4:00 PM; Saturday: Closed; Sunday: Closed,dental_clinic,Waikato,Hamilton Central,no_prices,2026-03-18
Dinsdale Dental Hamilton | Lumino The Dentists,"44 Whatawhata Road, Dinsdale, Hamilton 3204, New Zealand",07 847 3221,+64 7 847 3221,https://lumino.co.nz/dentists/dinsdale-dental-hamilton/?utm_source=google_business_profile&utm_medium=organic,4.7,22,OPERATIONAL,https://maps.google.com/?cid=5296562080400732138&g_mp=Cidnb29nbGUubWFwcy5wbGFjZXMudjEuUGxhY2VzLlNlYXJjaFRleHQQAhgEIAA,Monday: Closed; Tuesday: 8:00 AM – 5:00 PM; Wednesday: 8:00 AM – 5:00 PM; Thursday: 8:00 AM – 5:00 PM; Friday: 8:00 AM – 3:00 PM; Saturday: Closed; Sunday: Closed,dental_clinic,Waikato,Hamilton Central,no_prices,2026-03-18
Focus 32 Dental,"41 Hukanui Road, Fairfield, Hamilton 3214, New Zealand",07 853 0620,+64 7 853 0620,http://www.focus32.co.nz/,5,41,OPERATIONAL,https://maps.google.com/?cid=13484291435747557734&g_mp=Cidnb29nbGUubWFwcy5wbGFjZXMudjEuUGxhY2VzLlNlYXJjaFRleHQQAhgEIAA,Monday: 9:00 AM – 7:00 PM; Tuesday: 9:00 AM – 5:00 PM; Wednesday: 9:00 AM – 5:00 PM; Thursday: 9:00 AM – 5:00 PM; Friday: 9:00 AM – 5:00 PM; Saturday: 9:00 AM – 1:00 PM; Sunday: Closed,dental_clinic,Waikato,Hamilton Central,no_prices,2026-03-18
Anglesea A & E,"Gate 1 Cnr Thackeray, Anglesea Street, Hamilton Central, Hamilton 3420, New Zealand",07 858 0800,+64 7 858 0800,http://www.anglesea.co.nz/,2.5,297,OPERATIONAL,https://maps.google.com/?cid=12593007947810103346&g_mp=Cidnb29nbGUubWFwcy5wbGFjZXMudjEuUGxhY2VzLlNlYXJjaFRleHQQAhgEIAA,Monday: Open 24 hours; Tuesday: Open 24 hours; Wednesday: Open 24 hours; Thursday: Open 24 hours; Friday: Open 24 hours; Saturday: Open 24 hours; Sunday: Open 24 hours,dental_clinic,Waikato,Hamilton Central,no_prices,2026-03-18
Peachgrove Community Dental Clinic,"80a Peachgrove Road, Hamilton East, Hamilton 3216, New Zealand",0800 825 583,+64 800 825 583,,5,7,OPERATIONAL,https://maps.google.com/?cid=14017058597684403867&g_mp=Cidnb29nbGUubWFwcy5wbGFjZXMudjEuUGxhY2VzLlNlYXJjaFRleHQQAhgEIAA,,dental_clinic,Waikato,Hamilton Central,no_prices,2026-03-18
Frankton Community Dental,"194 Massey Street, Frankton, Hamilton 3204, New Zealand",07 859 9160,+64 7 859 9160,http://www.waikatodhb.health.nz/oralhealth,4.9,7,OPERATIONAL,https://maps.google.com/?cid=15028965983943720086&g_mp=Cidnb29nbGUubWFwcy5wbGFjZXMudjEuUGxhY2VzLlNlYXJjaFRleHQQAhgEIAA,Monday: 8:30 AM – 4:00 PM; Tuesday: 8:30 AM – 4:00 PM; Wednesday: 8:30 AM – 4:00 PM; Thursday: 8:30 AM – 4:00 PM; Friday: 8:30 AM – 4:00 PM; Saturday: Closed; Sunday: Closed,dental_clinic,Waikato,Frankton Hamilton,no_prices,2026-03-18
Bella Dental,"310 Cambridge Road, Hillcrest, Hamilton 3216, New Zealand",07 858 4131,+64 7 858 4131,http://www.belladental.nz/,3.7,6,OPERATIONAL,https://maps.google.com/?cid=18099012472367167687&g_mp=Cidnb29nbGUubWFwcy5wbGFjZXMudjEuUGxhY2VzLlNlYXJjaFRleHQQAhgEIAA,Monday: 9:00 AM – 6:00 PM; Tuesday: 9:00 AM – 5:00 PM; Wednesday: 9:00 AM – 5:00 PM; Thursday: 9:00 AM – 5:00 PM; Friday: Closed; Saturday: Closed; Sunday: Closed,dental_clinic,Waikato,Hillcrest Hamilton,no_prices,2026-03-18
Hillcrest Normal School Dental Clinic,"Cambridge Road, Hillcrest, Hamilton 3216, New Zealand",07 856 5798,+64 7 856 5798,,,,OPERATIONAL,https://maps.google.com/?cid=11664155642141687682&g_mp=Cidnb29nbGUubWFwcy5wbGFjZXMudjEuUGxhY2VzLlNlYXJjaFRleHQQAhgEIAA,,dental_clinic,Waikato,Hillcrest Hamilton,no_prices,2026-03-18
New Smile,"15 Galloway Street, Hamilton East, Hamilton 3216, New Zealand",07 834 1128,+64 7 834 1128,http://www.newsmiledental.co.nz/,4.7,28,OPERATIONAL,https://maps.google.com/?cid=2952869539094659073&g_mp=Cidnb29nbGUubWFwcy5wbGFjZXMudjEuUGxhY2VzLlNlYXJjaFRleHQQAhgEIAA,Monday: 10:00 AM – 7:00 PM; Tuesday: 8:30 AM – 5:30 PM; Wednesday: Closed; Thursday: 8:30 AM – 5:30 PM; Friday: 9:00 AM – 4:30 PM; Saturday: 9:00 AM – 4:00 PM; Sunday: Closed,dental_clinic,Waikato,Hillcrest Hamilton,no_prices,2026-03-18
Fairfield Community Dental clinic,"33 Kensington Place, Fairfield, Hamilton 3214, New Zealand",0800 825 583,+64 800 825 583,,4.4,17,OPERATIONAL,https://maps.google.com/?cid=11239876702077781321&g_mp=Cidnb29nbGUubWFwcy5wbGFjZXMudjEuUGxhY2VzLlNlYXJjaFRleHQQAhgEIAA,Monday: 8:30 AM – 4:30 PM; Tuesday: 8:30 AM – 4:30 PM; Wednesday: 8:30 AM – 4:30 PM; Thursday: 8:30 AM – 4:30 PM; Friday: 8:30 AM – 4:30 PM; Saturday: Closed; Sunday: Closed,dental_clinic,Waikato,Hillcrest Hamilton,no_prices,2026-03-18
Silverdale Normal School Dental Clinic,"Silverdale Road, Hillcrest, Hamilton 3216, New Zealand",07 856 6055,+64 7 856 6055,,,,OPERATIONAL,https://maps.google.com/?cid=15194607650884186958&g_mp=Cidnb29nbGUubWFwcy5wbGFjZXMudjEuUGxhY2VzLlNlYXJjaFRleHQQAhgEIAA,,dental_clinic,Waikato,Hillcrest Hamilton,no_prices,2026-03-18
Lumino Chartwell | Lumino The Dentists,"Suite 5, Professional Suites, Chartwell, Hamilton 3210, New Zealand",07 855 4904,+64 7 855 4904,https://lumino.co.nz/dentists/lumino-chartwell/?utm_source=google_business_profile&utm_medium=organic,4.3,36,OPERATIONAL,https://maps.google.com/?cid=2485859946109498247&g_mp=Cidnb29nbGUubWFwcy5wbGFjZXMudjEuUGxhY2VzLlNlYXJjaFRleHQQAhgEIAA,Monday: 8:30 AM – 4:00 PM; Tuesday: 8:00 AM – 5:00 PM; Wednesday: 8:00 AM – 5:00 PM; Thursday: 8:00 AM – 5:00 PM; Friday: 8:00 AM – 4:00 PM; Saturday: Closed; Sunday: Closed,dental_clinic,Waikato,Chartwell Hamilton,no_prices,2026-03-18
Lumino Rototuna | Lumino The Dentists,"17B Rototuna Shopping Centre, Thomas Road, Rototuna North, Hamilton 3210, New Zealand",07 853 0050,+64 7 853 0050,https://lumino.co.nz/dentists/lumino-rototuna/?utm_source=google_business_profile&utm_medium=organic,4.8,54,OPERATIONAL,https://maps.google.com/?cid=14814999189445199429&g_mp=Cidnb29nbGUubWFwcy5wbGFjZXMudjEuUGxhY2VzLlNlYXJjaFRleHQQAhgEIAA,Monday: 9:30 AM – 6:30 PM; Tuesday: 8:15 AM – 5:00 PM; Wednesday: 9:15 AM – 6:30 PM; Thursday: 8:15 AM – 5:00 PM; Friday: Closed; Saturday: Closed; Sunday: Closed,dental_clinic,Waikato,Rototuna Hamilton,no_prices,2026-03-18
Tui Dental Bryant Road,"26 Bryant Road, Te Rapa, Hamilton 3200, New Zealand",07 849 6954,+64 7 849 6954,http://www.tuidental.co.nz/,3.3,58,OPERATIONAL,https://maps.google.com/?cid=15893596981973342250&g_mp=Cidnb29nbGUubWFwcy5wbGFjZXMudjEuUGxhY2VzLlNlYXJjaFRleHQQAhgEIAA,Monday: 8:30 AM – 5:00 PM; Tuesday: 8:30 AM – 5:00 PM; Wednesday: 8:30 AM – 5:00 PM; Thursday: 8:30 AM – 5:00 PM; Friday: 8:30 AM – 5:00 PM; Saturday: 8:30 AM – 5:00 PM; Sunday: Closed,dental_clinic,Waikato,Te Rapa Hamilton,no_prices,2026-03-18
Tui Medical Te Rapa GP & Urgent Care,"26 Bryant Road, Te Rapa, Hamilton 3200, New Zealand",0800 175 175,+64 800 175 175,https://www.tuimedical.co.nz/location/te-rapa,4.3,825,OPERATIONAL,https://maps.google.com/?cid=7492358107470088308&g_mp=Cidnb29nbGUubWFwcy5wbGFjZXMudjEuUGxhY2VzLlNlYXJjaFRleHQQAhgEIAA,Monday: 7:00 AM – 5:00 PM; Tuesday: 7:00 AM – 5:00 PM; Wednesday: 7:00 AM – 5:00 PM; Thursday: 7:00 AM – 5:00 PM; Friday: 7:00 AM – 5:00 PM; Saturday: 7:00 AM – 5:00 PM; Sunday: 7:00 AM – 5:00 PM,dental_clinic,Waikato,Te Rapa Hamilton,no_prices,2026-03-18
Affordable Denture Hamilton,"41 Karewa Place, Pukete, Hamilton 3200, New Zealand",0800 368 873,+64 800 368 873,https://www.instagram.com/affordable_denture_nz/,5,6,OPERATIONAL,https://maps.google.com/?cid=15414213978751401520&g_mp=Cidnb29nbGUubWFwcy5wbGFjZXMudjEuUGxhY2VzLlNlYXJjaFRleHQQAhgEIAA,Monday: 9:00 AM – 6:00 PM; Tuesday: 9:00 AM – 6:00 PM; Wednesday: 9:00 AM – 6:00 PM; Thursday: 9:00 AM – 6:00 PM; Friday: 9:00 AM – 6:00 PM; Saturday: 9:00 AM – 6:00 PM; Sunday: 9:00 AM – 6:00 PM,dental_clinic,Waikato,Te Rapa Hamilton,no_prices,2026-03-18
Sparkling White Smile Te Awa Hamilton,"Shop 59 The Base, Te Rapa Road &, Wairere Drive, Te Rapa, Hamilton 3200, New Zealand",0406 049 726,+61 406 049 726,,,,OPERATIONAL,https://maps.google.com/?cid=9051732113140818842&g_mp=Cidnb29nbGUubWFwcy5wbGFjZXMudjEuUGxhY2VzLlNlYXJjaFRleHQQAhgEIAA,Monday: 9:00 AM – 7:30 PM; Tuesday: 9:00 AM – 7:30 PM; Wednesday: 9:00 AM – 7:30 PM; Thursday: 9:00 AM – 7:30 PM; Friday: 9:00 AM – 7:30 PM; Saturday: 9:00 AM – 7:30 PM; Sunday: 9:00 AM – 7:30 PM,dental_clinic,Waikato,Te Rapa Hamilton,no_prices,2026-03-18
Interdent Dental Laboratory,"1c/41 Karewa Place, Pukete, Hamilton 3200, New Zealand",,,,5,1,OPERATIONAL,https://maps.google.com/?cid=13868223675500541988&g_mp=Cidnb29nbGUubWFwcy5wbGFjZXMudjEuUGxhY2VzLlNlYXJjaFRleHQQAhgEIAA,,dental_clinic,Waikato,Te Rapa Hamilton,no_prices,2026-03-18
NorthCare Pukete Rd - Open for Enrolments,"10B Pukete Road, St Andrews, Hamilton 3200, New Zealand",07 850 9900,+64 7 850 9900,https://www.phcl.health.nz/pukete,3,59,OPERATIONAL,https://maps.google.com/?cid=16187041460955806296&g_mp=Cidnb29nbGUubWFwcy5wbGFjZXMudjEuUGxhY2VzLlNlYXJjaFRleHQQAhgEIAA,Monday: 8:00 AM – 5:00 PM; Tuesday: 8:00 AM – 5:00 PM; Wednesday: 8:00 AM – 5:00 PM; Thursday: 8:00 AM – 5:00 PM; Friday: 8:00 AM – 5:00 PM; Saturday: Closed; Sunday: Closed,dental_clinic,Waikato,Te Rapa Hamilton,no_prices,2026-03-18
Tui Dental Borman,"1/60 Hare Puke Drive, Flagstaff, Waikato 3210, New Zealand",07 849 6954,+64 7 849 6954,http://www.tuidental.co.nz/,3.9,11,OPERATIONAL,https://maps.google.com/?cid=11814179815795752366&g_mp=Cidnb29nbGUubWFwcy5wbGFjZXMudjEuUGxhY2VzLlNlYXJjaFRleHQQAhgEIAA,Monday: 9:00 AM – 5:00 PM; Tuesday: 9:00 AM – 5:00 PM; Wednesday: 9:00 AM – 5:00 PM; Thursday: 9:00 AM – 5:00 PM; Friday: 9:00 AM – 5:00 PM; Saturday: Closed; Sunday: Closed,dental_clinic,Waikato,Te Rapa Hamilton,no_prices,2026-03-18
Nawton School Dental Clinic,"58 Livingstone Avenue, Nawton, Hamilton 3200, New Zealand",07 847 7930,+64 7 847 7930,,,,OPERATIONAL,https://maps.google.com/?cid=2877480090125353436&g_mp=Cidnb29nbGUubWFwcy5wbGFjZXMudjEuUGxhY2VzLlNlYXJjaFRleHQQAhgEIAA,,dental_clinic,Waikato,Nawton Hamilton,no_prices,2026-03-18
Hamilton Lake Urgent Care,"38 Tuhikaramea Road, Dinsdale, Hamilton 3204, New Zealand",07 839 0092,+64 7 839 0092,https://www.hamiltonlakeurgentcare.co.nz/,3.8,4,OPERATIONAL,https://maps.google.com/?cid=111950863421647714&g_mp=Cidnb29nbGUubWFwcy5wbGFjZXMudjEuUGxhY2VzLlNlYXJjaFRleHQQAhgEIAA,Monday: 8:30 AM – 5:00 PM; Tuesday: 8:30 AM – 5:00 PM; Wednesday: 8:30 AM – 5:00 PM; Thursday: 8:30 AM – 5:00 PM; Friday: 8:30 AM – 5:00 PM; Saturday: 8:30 AM – 5:00 PM; Sunday: 8:30 AM – 5:00 PM,dental_clinic,Waikato,Dinsdale Hamilton,no_prices,2026-03-18
Jogia Dental Surgery,"195 Peachgrove Road, Claudelands, Hamilton 3214, New Zealand",07 855 0701,+64 7 855 0701,,5,2,OPERATIONAL,https://maps.google.com/?cid=2824450670047911717&g_mp=Cidnb29nbGUubWFwcy5wbGFjZXMudjEuUGxhY2VzLlNlYXJjaFRleHQQAhgEIAA,Monday: 9:00 AM – 5:00 PM; Tuesday: 9:00 AM – 5:00 PM; Wednesday: 9:00 AM – 5:00 PM; Thursday: 9:00 AM – 5:00 PM; Friday: 9:00 AM – 5:00 PM; Saturday: Closed; Sunday: Closed,dental_clinic,Waikato,Claudelands Hamilton,no_prices,2026-03-18
Clarence Dental,"Level 1/2 Fifth Avenue, Hamilton 3214, New Zealand",07 839 5559,+64 7 839 5559,http://www.clarencedental.co.nz/,4.8,22,OPERATIONAL,https://maps.google.com/?cid=17921613023581581092&g_mp=Cidnb29nbGUubWFwcy5wbGFjZXMudjEuUGxhY2VzLlNlYXJjaFRleHQQAhgEIAA,Monday: 9:00 AM – 6:00 PM; Tuesday: 9:00 AM – 6:00 PM; Wednesday: 9:00 AM – 6:00 PM; Thursday: 9:00 AM – 6:00 PM; Friday: 9:00 AM – 2:00 PM; Saturday: Closed; Sunday: Closed,dental_clinic,Waikato,Claudelands Hamilton,no_prices,2026-03-18
The Denture Studio,"153 Peachgrove Road, Hamilton East, Waikato 3216, New Zealand",0800 224 233,+64 800 224 233,https://thedenturestudio.co.nz/contact-us/?utm_source=google&utm_medium=gbp,4.7,23,OPERATIONAL,https://maps.google.com/?cid=11369819190410783729&g_mp=Cidnb29nbGUubWFwcy5wbGFjZXMudjEuUGxhY2VzLlNlYXJjaFRleHQQAhgEIAA,Monday: 8:30 AM – 4:30 PM; Tuesday: 8:30 AM – 5:00 PM; Wednesday: 8:30 AM – 4:30 PM; Thursday: 8:30 AM – 5:00 PM; Friday: 8:30 AM – 5:00 PM; Saturday: Closed; Sunday: Closed,dental_clinic,Waikato,Claudelands Hamilton,no_prices,2026-03-18
C & R Dental Care,"697C Wairere Drive, Chartwell, Hamilton 3210, New Zealand",07 856 4116,+64 7 856 4116,https://www.crdentalcare.co.nz/?utm_source=google&utm_medium=wix_google_business_profile&utm_campaign=14195611318754636039,5,11,OPERATIONAL,https://maps.google.com/?cid=6315207301054630477&g_mp=Cidnb29nbGUubWFwcy5wbGFjZXMudjEuUGxhY2VzLlNlYXJjaFRleHQQAhgEIAA,Monday: 8:00 AM – 5:00 PM; Tuesday: 8:00 AM – 5:00 PM; Wednesday: 8:00 AM – 5:00 PM; Thursday: 8:00 AM – 5:00 PM; Friday: 8:00 AM – 4:00 PM; Saturday: Closed; Sunday: Closed,dental_clinic,Waikato,Claudelands Hamilton,no_prices,2026-03-18
Flagstaff Dental,"127 Peachgrove Road, Hamilton East, Hamilton 3216, New Zealand",07 855 7764,+64 7 855 7764,https://flagstaffdental.co.nz/about-us/,5,3,OPERATIONAL,https://maps.google.com/?cid=12933552260186867230&g_mp=Cidnb29nbGUubWFwcy5wbGFjZXMudjEuUGxhY2VzLlNlYXJjaFRleHQQAhgEIAA,,dental_clinic,Waikato,Claudelands Hamilton,no_prices,2026-03-18
Five Cross Rds Dental Centre,"Cnr Fifth Ave & Peachgrove Rd, Fairfield, Hamilton 3214, New Zealand",07 855 6574,+64 7 855 6574,,,,OPERATIONAL,https://maps.google.com/?cid=14860194824761799370&g_mp=Cidnb29nbGUubWFwcy5wbGFjZXMudjEuUGxhY2VzLlNlYXJjaFRleHQQAhgEIAA,,dental_clinic,Waikato,Claudelands Hamilton,no_prices,2026-03-18
Redicare Family Practice,"130 Rostrevor Street, Hamilton Central, Hamilton 3204, New Zealand",07 838 0300,+64 7 838 0300,http://www.redicare.co.nz/,3,118,OPERATIONAL,https://maps.google.com/?cid=7849187064934064987&g_mp=Cidnb29nbGUubWFwcy5wbGFjZXMudjEuUGxhY2VzLlNlYXJjaFRleHQQAhgEIAA,Monday: 8:30 AM – 5:00 PM; Tuesday: 8:30 AM – 7:00 PM; Wednesday: 8:30 AM – 5:00 PM; Thursday: 8:30 AM – 5:00 PM; Friday: 8:30 AM – 5:00 PM; Saturday: 9:00 AM – 12:00 PM; Sunday: Closed,dental_clinic,Waikato,Claudelands Hamilton,no_prices,2026-03-18
Claudelands Park,"Corner of Brooklyn Road and, Heaphy Terrace, Claudelands, Hamilton 3214, New Zealand",07 958 5895,+64 7 958 5895,,4.4,2582,OPERATIONAL,https://maps.google.com/?cid=8734812587175146571&g_mp=Cidnb29nbGUubWFwcy5wbGFjZXMudjEuUGxhY2VzLlNlYXJjaFRleHQQAhgEIAA,,dental_clinic,Waikato,Claudelands Hamilton,no_prices,2026-03-18
The Cosmetic Clinic Centre Place,"501 Victoria Street, Hamilton Central, Hamilton 3204, New Zealand",07 260 0510,+64 7 260 0510,https://www.thecosmeticclinic.co.nz/?utm_source=google&utm_medium=organic&utm_campaign=gmb&utm_term=website+link,4.9,406,OPERATIONAL,https://maps.google.com/?cid=9385095617970014430&g_mp=Cidnb29nbGUubWFwcy5wbGFjZXMudjEuUGxhY2VzLlNlYXJjaFRleHQQAhgEIAA,Monday: 9:00 AM – 6:00 PM; Tuesday: 9:00 AM – 6:00 PM; Wednesday: 9:00 AM – 6:00 PM; Thursday: 9:00 AM – 7:00 PM; Friday: 9:00 AM – 6:00 PM; Saturday: 9:00 AM – 6:00 PM; Sunday: 10:00 AM – 5:00 PM,dental_clinic,Waikato,Claudelands Hamilton,no_prices,2026-03-18
Rata Health - Five Cross Roads,"284 Peachgrove Road, Enderley, Hamilton 3214, New Zealand",07 855 7824,+64 7 855 7824,https://www.ratahealth.co.nz/five-cross-roads/,3.4,40,OPERATIONAL,https://maps.google.com/?cid=13959306771776663920&g_mp=Cidnb29nbGUubWFwcy5wbGFjZXMudjEuUGxhY2VzLlNlYXJjaFRleHQQAhgEIAA,Monday: 8:30 AM – 5:00 PM; Tuesday: 8:30 AM – 5:00 PM; Wednesday: 8:30 AM – 5:00 PM; Thursday: 8:30 AM – 5:00 PM; Friday: 8:30 AM – 5:00 PM; Saturday: Closed; Sunday: Closed,dental_clinic,Waikato,Claudelands Hamilton,no_prices,2026-03-18
Ian Ross,"27 Oneill Street, Claudelands, Hamilton 3214, New Zealand",07 853 2929,+64 7 853 2929,,,,OPERATIONAL,https://maps.google.com/?cid=18344802874135475459&g_mp=Cidnb29nbGUubWFwcy5wbGFjZXMudjEuUGxhY2VzLlNlYXJjaFRleHQQAhgEIAA,,dental_clinic,Waikato,Claudelands Hamilton,no_prices,2026-03-18
Tui Dental,"6 Gordonton Road, Huntington, Hamilton 3210, New Zealand",0800 175 175,+64 800 175 175,http://www.tuidental.co.nz/,4.5,17,OPERATIONAL,https://maps.google.com/?cid=12511132470552187439&g_mp=Cidnb29nbGUubWFwcy5wbGFjZXMudjEuUGxhY2VzLlNlYXJjaFRleHQQAhgEIAA,Monday: 8:30 AM – 5:00 PM; Tuesday: 8:30 AM – 5:00 PM; Wednesday: 8:30 AM – 5:00 PM; Thursday: 8:30 AM – 5:00 PM; Friday: 8:30 AM – 5:00 PM; Saturday: Closed; Sunday: Closed,dental_clinic,Waikato,Enderley Hamilton,no_prices,2026-03-18
Te Kohao Health - Taakiri Tuu Wellness and Diagnostic Centre,"47 Tennyson Road, Enderley, Hamilton 3214, New Zealand",07 981 4479,+64 7 981 4479,https://www.tekohaohealth.co.nz/taakiri-tuu,4.4,7,OPERATIONAL,https://maps.google.com/?cid=17348850212156732726&g_mp=Cidnb29nbGUubWFwcy5wbGFjZXMudjEuUGxhY2VzLlNlYXJjaFRleHQQAhgEIAA,Monday: 8:30 AM – 5:00 PM; Tuesday: 8:30 AM – 5:00 PM; Wednesday: 8:30 AM – 5:00 PM; Thursday: 8:30 AM – 5:00 PM; Friday: 8:30 AM – 5:00 PM; Saturday: Closed; Sunday: Closed,dental_clinic,Waikato,Enderley Hamilton,no_prices,2026-03-18
Raukura Hauora o Tainui - Te Papanui Medical Clinic,"274 Peachgrove Road, Fairfield, Hamilton 3214, New Zealand",0800 472 858,+64 800 472 858,https://www.raukura.org.nz/,4.8,4,OPERATIONAL,https://maps.google.com/?cid=276753134774484354&g_mp=Cidnb29nbGUubWFwcy5wbGFjZXMudjEuUGxhY2VzLlNlYXJjaFRleHQQAhgEIAA,Monday: 8:30 AM – 5:00 PM; Tuesday: 8:30 AM – 5:00 PM; Wednesday: 8:30 AM – 5:00 PM; Thursday: 8:30 AM – 5:00 PM; Friday: 8:30 AM – 5:00 PM; Saturday: Closed; Sunday: Closed,dental_clinic,Waikato,Enderley Hamilton,no_prices,2026-03-18
Te Kohao Dental,"951 Wairere Drive, Hamilton East, Hamilton 3216, New Zealand",07 856 5479,+64 7 856 5479,,,,OPERATIONAL,https://maps.google.com/?cid=12637018903655858108&g_mp=Cidnb29nbGUubWFwcy5wbGFjZXMudjEuUGxhY2VzLlNlYXJjaFRleHQQAhgEIAA,Monday: 9:00 AM – 5:00 PM; Tuesday: 9:00 AM – 5:00 PM; Wednesday: 9:00 AM – 5:00 PM; Thursday: 9:00 AM – 5:00 PM; Friday: 9:00 AM – 5:00 PM; Saturday: Closed; Sunday: Closed,dental_clinic,Waikato,Enderley Hamilton,no_prices,2026-03-18
Choice Dentures,"6 Gordonton Road, Parkwood, Hamilton 3210, New Zealand",022 021 1018,+64 22 021 1018,,4.9,7,OPERATIONAL,https://maps.google.com/?cid=10384305025104471897&g_mp=Cidnb29nbGUubWFwcy5wbGFjZXMudjEuUGxhY2VzLlNlYXJjaFRleHQQAhgEIAA,Monday: 9:00 AM – 5:00 PM; Tuesday: 9:00 AM – 5:00 PM; Wednesday: 9:00 AM – 5:00 PM; Thursday: 9:00 AM – 5:00 PM; Friday: 9:00 AM – 4:30 PM; Saturday: Closed; Sunday: Closed,dental_clinic,Waikato,Enderley Hamilton,no_prices,2026-03-18
Enderley Park,"4298276, Enderley, Hamilton 3214, New Zealand",,,,4.1,35,OPERATIONAL,https://maps.google.com/?cid=8321979579467634272&g_mp=Cidnb29nbGUubWFwcy5wbGFjZXMudjEuUGxhY2VzLlNlYXJjaFRleHQQAhgEIAA,Monday: Open 24 hours; Tuesday: Open 24 hours; Wednesday: Open 24 hours; Thursday: Open 24 hours; Friday: Open 24 hours; Saturday: Open 24 hours; Sunday: Open 24 hours,dental_clinic,Waikato,Enderley Hamilton,no_prices,2026-03-18
Tui Medical Davies Corner,"31 Hukanui Road, Chartwell, Hamilton 3210, New Zealand",07 855 5370,+64 7 855 5370,http://www.tuimedical.co.nz/,4.4,285,OPERATIONAL,https://maps.google.com/?cid=5763476192834684958&g_mp=Cidnb29nbGUubWFwcy5wbGFjZXMudjEuUGxhY2VzLlNlYXJjaFRleHQQAhgEIAA,Monday: 8:30 AM – 4:30 PM; Tuesday: 8:30 AM – 4:30 PM; Wednesday: 8:30 AM – 4:30 PM; Thursday: 8:30 AM – 4:30 PM; Friday: 8:30 AM – 4:30 PM; Saturday: Closed; Sunday: Closed,dental_clinic,Waikato,Enderley Hamilton,no_prices,2026-03-18
Hamilton Dental & Prosthetic Lab,"Health Centre Unit P/6 Avalon Drive, Avalon, Hamilton 3200, New Zealand",07 846 6905,+64 7 846 6905,https://www.hdpl.co.nz/,4.7,23,OPERATIONAL,https://maps.google.com/?cid=17673202990861366527&g_mp=Cidnb29nbGUubWFwcy5wbGFjZXMudjEuUGxhY2VzLlNlYXJjaFRleHQQAhgEIAA,Monday: 8:00 AM – 5:00 PM; Tuesday: 8:00 AM – 5:00 PM; Wednesday: 8:00 AM – 5:00 PM; Thursday: 8:00 AM – 5:00 PM; Friday: 8:00 AM – 3:00 PM; Saturday: Closed; Sunday: Closed,dental_clinic,Waikato,Enderley Hamilton,no_prices,2026-03-18
Tui Medical Parkwood,"6 Gordonton Road, Huntington, Hamilton 3210, New Zealand",0800 175 175,+64 800 175 175,http://www.tuimedical.co.nz/,2.9,55,OPERATIONAL,https://maps.google.com/?cid=4484222656479341269&g_mp=Cidnb29nbGUubWFwcy5wbGFjZXMudjEuUGxhY2VzLlNlYXJjaFRleHQQAhgEIAA,Monday: 8:30 AM – 5:00 PM; Tuesday: 8:30 AM – 5:00 PM; Wednesday: 8:30 AM – 5:00 PM; Thursday: 8:30 AM – 5:00 PM; Friday: 8:30 AM – 5:00 PM; Saturday: Closed; Sunday: Closed,dental_clinic,Waikato,Enderley Hamilton,no_prices,2026-03-18
"127 Peachgrove Rd, Hamilton","Hamilton East, Hamilton 3216, New Zealand",,,,5,1,OPERATIONAL,https://maps.google.com/?cid=11638403930828372587&g_mp=Cidnb29nbGUubWFwcy5wbGFjZXMudjEuUGxhY2VzLlNlYXJjaFRleHQQAhgEIAA,,dental_clinic,Waikato,Enderley Hamilton,no_prices,2026-03-18
White with Envy,"56 Acacia Crescent, Glenview, Hamilton 3206, New Zealand",027 376 1116,+64 27 376 1116,,5,3,OPERATIONAL,https://maps.google.com/?cid=7146666866730831045&g_mp=Cidnb29nbGUubWFwcy5wbGFjZXMudjEuUGxhY2VzLlNlYXJjaFRleHQQAhgEIAA,Monday: 9:00 AM – 7:00 PM; Tuesday: 4:30 – 7:00 PM; Wednesday: 9:00 AM – 7:00 PM; Thursday: 4:30 – 7:30 PM; Friday: 12:30 – 7:00 PM; Saturday: 9:00 AM – 5:00 PM; Sunday: 9:00 AM – 5:00 PM,dental_clinic,Waikato,Enderley Hamilton,no_prices,2026-03-18
Unichem Davies Corner Pharmacy,"29 Hukanui Road, Fairfield, Hamilton 3214, New Zealand",07 855 5389,+64 7 855 5389,http://www.unichem.co.nz/pharmacy-location-services/unichem-davies-corner-pharmacy,4.5,25,OPERATIONAL,https://maps.google.com/?cid=18312091592003494221&g_mp=Cidnb29nbGUubWFwcy5wbGFjZXMudjEuUGxhY2VzLlNlYXJjaFRleHQQAhgEIAA,Monday: 8:00 AM – 6:00 PM; Tuesday: 8:00 AM – 6:00 PM; Wednesday: 8:00 AM – 6:00 PM; Thursday: 8:00 AM – 6:00 PM; Friday: 8:00 AM – 6:00 PM; Saturday: Closed; Sunday: Closed,dental_clinic,Waikato,Enderley Hamilton,no_prices,2026-03-18
Victoria Denture,"ground floor/270 Victoria Street, CBD, Hamilton 3204, New Zealand",07 838 2791,+64 7 838 2791,,,,OPERATIONAL,https://maps.google.com/?cid=2603161442702054089&g_mp=Cidnb29nbGUubWFwcy5wbGFjZXMudjEuUGxhY2VzLlNlYXJjaFRleHQQAhgEIAA,Monday: 8:00 AM – 5:00 PM; Tuesday: 8:00 AM – 5:00 PM; Wednesday: 8:00 AM – 5:00 PM; Thursday: 8:00 AM – 5:00 PM; Friday: 8:00 AM – 5:00 PM; Saturday: Closed; Sunday: Closed,dental_clinic,Waikato,Enderley Hamilton,no_prices,2026-03-18
Bankwood School Dental Clinic,"Bankwood Road, Chartwell, Hamilton 3210, New Zealand",07 853 7049,+64 7 853 7049,,,,OPERATIONAL,https://maps.google.com/?cid=12409495309262950447&g_mp=Cidnb29nbGUubWFwcy5wbGFjZXMudjEuUGxhY2VzLlNlYXJjaFRleHQQAhgEIAA,,dental_clinic,Waikato,Enderley Hamilton,no_prices,2026-03-18
Raukura Hauora o Tainui - Te Rengarenga Medical Centre,"2/41 Whatawhata Road, Dinsdale, Hamilton 3204, New Zealand",0800 472 858,+64 800 472 858,http://www.raukura.org.nz/,2.2,71,OPERATIONAL,https://maps.google.com/?cid=6369258314116655551&g_mp=Cidnb29nbGUubWFwcy5wbGFjZXMudjEuUGxhY2VzLlNlYXJjaFRleHQQAhgEIAA,Monday: 8:30 AM – 5:00 PM; Tuesday: 8:30 AM – 5:00 PM; Wednesday: 8:30 AM – 5:00 PM; Thursday: 8:30 AM – 5:00 PM; Friday: 8:30 AM – 5:00 PM; Saturday: Closed; Sunday: Closed,dental_clinic,Waikato,Enderley Hamilton,no_prices,2026-03-18
Raukura Hauora o Tainui - Waikato Office,"s102a The Base, Maahanga Drive, Te Rapa, Hamilton 3200, New Zealand",0800 472 858,+64 800 472 858,https://www.raukura.org.nz/,5,1,OPERATIONAL,https://maps.google.com/?cid=4295311978023539933&g_mp=Cidnb29nbGUubWFwcy5wbGFjZXMudjEuUGxhY2VzLlNlYXJjaFRleHQQAhgEIAA,,dental_clinic,Waikato,Enderley Hamilton,no_prices,2026-03-18
Hamilton Dental & Prosthetic Lab,"Unit 13 (1st floor/152 Horsham Downs Road, Rototuna North, Hamilton 3210, New Zealand",07 846 6900,+64 7 846 6900,https://www.hdpl.co.nz/,,,OPERATIONAL,https://maps.google.com/?cid=5872591835063772268&g_mp=Cidnb29nbGUubWFwcy5wbGFjZXMudjEuUGxhY2VzLlNlYXJjaFRleHQQAhgEIAA,Monday: 9:00 AM – 5:00 PM; Tuesday: 9:00 AM – 5:00 PM; Wednesday: 9:00 AM – 5:00 PM; Thursday: 9:00 AM – 5:00 PM; Friday: 9:00 AM – 3:00 PM; Saturday: Closed; Sunday: Closed,dental_clinic,Waikato,Enderley Hamilton,no_prices,2026-03-18
Huntly Dental Centre,"156 Main Street, Huntly 3700, New Zealand",07 828 7472,+64 7 828 7472,,4.3,23,OPERATIONAL,https://maps.google.com/?cid=11041745306295692531&g_mp=Cidnb29nbGUubWFwcy5wbGFjZXMudjEuUGxhY2VzLlNlYXJjaFRleHQQAhgEIAA,,dental_clinic,Waikato,Huntly,no_prices,2026-03-18
Huntly Dental Practice,"41 Duke St, Huntly AB54 8DT, UK",01466 792787,+44 1466 792787,http://www.huntlydentalpractice.co.uk/,4.9,70,OPERATIONAL,https://maps.google.com/?cid=6990790187001591498&g_mp=Cidnb29nbGUubWFwcy5wbGFjZXMudjEuUGxhY2VzLlNlYXJjaFRleHQQAhgEIAA,Monday: 8:00 AM – 6:00 PM; Tuesday: 8:00 AM – 6:00 PM; Wednesday: 8:00 AM – 6:00 PM; Thursday: 8:00 AM – 6:00 PM; Friday: 8:00 AM – 5:00 PM; Saturday: Closed; Sunday: Closed,dental_clinic,Waikato,Huntly,no_prices,2026-03-18
"Deveron Dental Centre, Huntly","Ogilvie Ave, Huntly AB54 8AT, UK",01466 794089,+44 1466 794089,https://www.deverondentalcentre.com/,4.8,157,OPERATIONAL,https://maps.google.com/?cid=6070764412420391616&g_mp=Cidnb29nbGUubWFwcy5wbGFjZXMudjEuUGxhY2VzLlNlYXJjaFRleHQQAhgEIAA,Monday: 8:15 AM – 5:00 PM; Tuesday: 8:15 AM – 6:00 PM; Wednesday: 8:15 AM – 5:00 PM; Thursday: 8:15 AM – 5:00 PM; Friday: 8:15 AM – 5:00 PM; Saturday: Closed; Sunday: Closed,dental_clinic,Waikato,Huntly,no_prices,2026-03-18
Tui Dental,"183 Main Street, Huntly 3200, New Zealand",07 849 6954,+64 7 849 6954,http://www.tuidental.co.nz/,,,OPERATIONAL,https://maps.google.com/?cid=11638622496016186477&g_mp=Cidnb29nbGUubWFwcy5wbGFjZXMudjEuUGxhY2VzLlNlYXJjaFRleHQQAhgEIAA,Monday: Closed; Tuesday: Closed; Wednesday: Closed; Thursday: 8:00 AM – 5:00 PM; Friday: 8:00 AM – 5:00 PM; Saturday: Closed; Sunday: Closed,dental_clinic,Waikato,Huntly,no_prices,2026-03-18
Raglan Smiles LTD,"12 Wallis Street, Raglan 3225, New Zealand",022 693 7696,+64 22 693 7696,,5,4,OPERATIONAL,https://maps.google.com/?cid=3295663225905973419&g_mp=Cidnb29nbGUubWFwcy5wbGFjZXMudjEuUGxhY2VzLlNlYXJjaFRleHQQAhgEIAA,Monday: 10:00 AM – 5:00 PM; Tuesday: 9:00 AM – 4:30 PM; Wednesday: 9:00 AM – 5:00 PM; Thursday: 9:00 AM – 5:00 PM; Friday: 9:00 AM – 3:00 PM; Saturday: Closed; Sunday: Closed,dental_clinic,Waikato,Raglan,no_prices,2026-03-18
Te Awamutu Dental,"88 Teasdale Street, Te Awamutu 3800, New Zealand",07 871 7712,+64 7 871 7712,http://teawamutudental.co.nz/,4.7,19,OPERATIONAL,https://maps.google.com/?cid=7304298489668690955&g_mp=Cidnb29nbGUubWFwcy5wbGFjZXMudjEuUGxhY2VzLlNlYXJjaFRleHQQAhgEIAA,Monday: 9:00 AM – 5:30 PM; Tuesday: 9:00 AM – 5:30 PM; Wednesday: 9:00 AM – 5:30 PM; Thursday: 8:30 AM – 5:30 PM; Friday: 8:30 AM – 5:30 PM; Saturday: Closed; Sunday: Closed,dental_clinic,Waikato,Te Awamutu,no_prices,2026-03-18
Te Awamutu General & Emergency Dental,"54 Albert Park Drive, Te Awamutu 3800, New Zealand",07 871 6452,+64 7 871 6452,https://www.teawamutuemergencydental.co.nz/,4.8,72,OPERATIONAL,https://maps.google.com/?cid=9822953798895992740&g_mp=Cidnb29nbGUubWFwcy5wbGFjZXMudjEuUGxhY2VzLlNlYXJjaFRleHQQAhgEIAA,Monday: 8:00 AM – 5:00 PM; Tuesday: 8:00 AM – 5:00 PM; Wednesday: 8:00 AM – 5:00 PM; Thursday: 8:00 AM – 5:00 PM; Friday: 8:00 AM – 5:00 PM; Saturday: 8:00 AM – 1:00 PM; Sunday: Closed,dental_clinic,Waikato,Te Awamutu,no_prices,2026-03-18
Dental On Mahoe,"371 Mahoe Street, Te Awamutu 3800, New Zealand",07 871 7432,+64 7 871 7432,http://www.dentalonmahoe.co.nz/,4.8,25,OPERATIONAL,https://maps.google.com/?cid=5443424503806051954&g_mp=Cidnb29nbGUubWFwcy5wbGFjZXMudjEuUGxhY2VzLlNlYXJjaFRleHQQAhgEIAA,Monday: 8:30 AM – 5:00 PM; Tuesday: 8:30 AM – 5:00 PM; Wednesday: 8:30 AM – 5:00 PM; Thursday: 8:30 AM – 5:00 PM; Friday: 8:30 AM – 5:00 PM; Saturday: Closed; Sunday: Closed,dental_clinic,Waikato,Te Awamutu,no_prices,2026-03-18
Market St Dentists,"34 Market Street, Te Awamutu 3800, New Zealand",0800 080 036,+64 800 080 036,https://ruraldental.co.nz/,4.4,13,OPERATIONAL,https://maps.google.com/?cid=3480161627414584542&g_mp=Cidnb29nbGUubWFwcy5wbGFjZXMudjEuUGxhY2VzLlNlYXJjaFRleHQQAhgEIAA,Monday: 8:00 AM – 5:00 PM; Tuesday: 8:00 AM – 5:00 PM; Wednesday: 8:00 AM – 5:00 PM; Thursday: 8:00 AM – 5:00 PM; Friday: 8:00 AM – 5:00 PM; Saturday: Closed; Sunday: Closed,dental_clinic,Waikato,Te Awamutu,no_prices,2026-03-18
Smile Dentures,"54A Alexandra Street, Te Awamutu 3800, New Zealand",0800 222 001,+64 800 222 001,https://www.facebook.com/share/1GMwDkoX3w/?mibextid=wwXIfr,5,2,OPERATIONAL,https://maps.google.com/?cid=9650516364280143184&g_mp=Cidnb29nbGUubWFwcy5wbGFjZXMudjEuUGxhY2VzLlNlYXJjaFRleHQQAhgEIAA,Monday: 8:00 AM – 5:00 PM; Tuesday: 8:00 AM – 5:00 PM; Wednesday: 8:00 AM – 5:00 PM; Thursday: 8:00 AM – 5:00 PM; Friday: 8:00 AM – 5:00 PM; Saturday: Closed; Sunday: Closed,dental_clinic,Waikato,Te Awamutu,no_prices,2026-03-18
Mitre 10 MEGA Te Awamutu,"670 Cambridge Road, Te Awamutu 3800, New Zealand",07 872 6210,+64 7 872 6210,https://www.mitre10.co.nz/store-locator?storeCode=59&storeName=Mitre-10-MEGA-Te-Awamutu&utm_source=google&utm_medium=organic&utm_campaign=gbp-Mitre-10-MEGA-Te-Awamutu&utm_content=listing-59,4.5,846,OPERATIONAL,https://maps.google.com/?cid=5227524365268888897&g_mp=Cidnb29nbGUubWFwcy5wbGFjZXMudjEuUGxhY2VzLlNlYXJjaFRleHQQAhgEIAA,Monday: 7:00 AM – 6:00 PM; Tuesday: 7:00 AM – 6:00 PM; Wednesday: 7:00 AM – 6:00 PM; Thursday: 7:00 AM – 6:00 PM; Friday: 7:00 AM – 6:00 PM; Saturday: 8:00 AM – 6:00 PM; Sunday: 8:00 AM – 6:00 PM,dental_clinic,Waikato,Te Awamutu,no_prices,2026-03-18
Mahoe Medical,"670/4 Cambridge Road, Te Awamutu, Waikato 3840, New Zealand",07 872 0923,+64 7 872 0923,http://mahoemed.co.nz/about-us/,3.3,58,OPERATIONAL,https://maps.google.com/?cid=14028653250334002551&g_mp=Cidnb29nbGUubWFwcy5wbGFjZXMudjEuUGxhY2VzLlNlYXJjaFRleHQQAhgEIAA,Monday: 8:00 AM – 8:00 PM; Tuesday: 8:00 AM – 8:00 PM; Wednesday: 8:00 AM – 8:00 PM; Thursday: 8:00 AM – 8:00 PM; Friday: 8:00 AM – 8:00 PM; Saturday: 9:00 AM – 3:00 PM; Sunday: 9:00 AM – 3:00 PM,dental_clinic,Waikato,Te Awamutu,no_prices,2026-03-18
Clinico Denture & Hearing - Te Awamutu,"Mahoe Med Centre Cambridge Road, Te Awamutu 3800, New Zealand",0800 112 324,+64 800 112 324,,,,OPERATIONAL,https://maps.google.com/?cid=6753072668353277066&g_mp=Cidnb29nbGUubWFwcy5wbGFjZXMudjEuUGxhY2VzLlNlYXJjaFRleHQQAhgEIAA,Monday: 1:30 – 5:00 PM; Tuesday: Closed; Wednesday: Closed; Thursday: 1:30 – 5:00 PM; Friday: Closed; Saturday: Closed; Sunday: Closed,dental_clinic,Waikato,Te Awamutu,no_prices,2026-03-18
Riverside Dental Care,"1/47 Wilson Street, Cambridge 3434, New Zealand",07 827 6226,+64 7 827 6226,http://www.riversidedentalcare.co.nz/,4.9,191,OPERATIONAL,https://maps.google.com/?cid=14352057875012217345&g_mp=Cidnb29nbGUubWFwcy5wbGFjZXMudjEuUGxhY2VzLlNlYXJjaFRleHQQAhgEIAA,Monday: 8:30 AM – 5:00 PM; Tuesday: 8:30 AM – 5:00 PM; Wednesday: 8:30 AM – 5:00 PM; Thursday: 8:30 AM – 5:00 PM; Friday: 8:30 AM – 5:00 PM; Saturday: Closed; Sunday: Closed,dental_clinic,Waikato,Cambridge,no_prices,2026-03-18
Bright Cambridge Dental & Denture Clinic,"50 Burns Street, Leamington, Cambridge 3432, New Zealand",0800 765 777,+64 800 765 777,https://brightdental.nz/,4.9,32,OPERATIONAL,https://maps.google.com/?cid=4154327257112548110&g_mp=Cidnb29nbGUubWFwcy5wbGFjZXMudjEuUGxhY2VzLlNlYXJjaFRleHQQAhgEIAA,Monday: Closed; Tuesday: 10:00 AM – 6:00 PM; Wednesday: 9:00 AM – 6:00 PM; Thursday: Closed; Friday: 9:00 AM – 6:00 PM; Saturday: 9:00 AM – 6:00 PM; Sunday: Closed,dental_clinic,Waikato,Cambridge,no_prices,2026-03-18
Cambridge Dental,"9A Anzac Street, Cambridge 3434, New Zealand",07 823 1210,+64 7 823 1210,https://cambridgedental.co.nz/,4.1,34,OPERATIONAL,https://maps.google.com/?cid=11406212874194012521&g_mp=Cidnb29nbGUubWFwcy5wbGFjZXMudjEuUGxhY2VzLlNlYXJjaFRleHQQAhgEIAA,Monday: 8:00 AM – 5:00 PM; Tuesday: 8:00 AM – 5:00 PM; Wednesday: 8:00 AM – 5:00 PM; Thursday: 8:00 AM – 5:00 PM; Friday: 8:00 AM – 5:00 PM; Saturday: Closed; Sunday: Closed,dental_clinic,Waikato,Cambridge,no_prices,2026-03-18
Dental Care Cambridge,"2/1913 Cambridge Road, Cambridge 3434, New Zealand",07 827 0119,+64 7 827 0119,http://dentalcarecambridge.co.nz/,4.4,12,OPERATIONAL,https://maps.google.com/?cid=4212245214263615476&g_mp=Cidnb29nbGUubWFwcy5wbGFjZXMudjEuUGxhY2VzLlNlYXJjaFRleHQQAhgEIAA,Monday: 8:30 AM – 5:00 PM; Tuesday: 8:30 AM – 5:00 PM; Wednesday: 8:30 AM – 5:00 PM; Thursday: 8:30 AM – 5:00 PM; Friday: 8:30 AM – 5:00 PM; Saturday: Closed; Sunday: Closed,dental_clinic,Waikato,Cambridge,no_prices,2026-03-18
Gentle Dental Cambridge,"33 Victoria Street, Cambridge 3434, New Zealand",07 827 8953,+64 7 827 8953,http://www.gentledentalcambridge.co.nz/contactus.aspx,4.1,43,OPERATIONAL,https://maps.google.com/?cid=1408829025525894899&g_mp=Cidnb29nbGUubWFwcy5wbGFjZXMudjEuUGxhY2VzLlNlYXJjaFRleHQQAhgEIAA,Monday: 8:30 AM – 6:30 PM; Tuesday: 8:30 AM – 5:30 PM; Wednesday: 8:30 AM – 5:30 PM; Thursday: 8:30 AM – 5:30 PM; Friday: 8:30 AM – 5:30 PM; Saturday: Closed; Sunday: Closed,dental_clinic,Waikato,Cambridge,no_prices,2026-03-18
Waipā Dental,"15 Wilson Street, Cambridge 3434, New Zealand",07 444 4068,+64 7 444 4068,https://www.waipadental.co.nz/,5,7,OPERATIONAL,https://maps.google.com/?cid=8128428736262222501&g_mp=Cidnb29nbGUubWFwcy5wbGFjZXMudjEuUGxhY2VzLlNlYXJjaFRleHQQAhgEIAA,Monday: 8:30 AM – 5:00 PM; Tuesday: 8:30 AM – 5:00 PM; Wednesday: 8:30 AM – 5:00 PM; Thursday: 8:30 AM – 5:00 PM; Friday: 8:30 AM – 5:00 PM; Saturday: Closed; Sunday: Closed,dental_clinic,Waikato,Cambridge,no_prices,2026-03-18
Cambridge Smile Centre,"24 Dick Street, Cambridge 3434, New Zealand",07 827 5653,+64 7 827 5653,https://cambridgesmile.co.nz/,4.3,16,OPERATIONAL,https://maps.google.com/?cid=13907214583719836993&g_mp=Cidnb29nbGUubWFwcy5wbGFjZXMudjEuUGxhY2VzLlNlYXJjaFRleHQQAhgEIAA,Monday: 8:30 AM – 5:00 PM; Tuesday: 10:00 AM – 7:00 PM; Wednesday: 8:30 AM – 5:00 PM; Thursday: 9:00 AM – 5:00 PM; Friday: 9:00 AM – 4:00 PM; Saturday: Closed; Sunday: Closed,dental_clinic,Waikato,Cambridge,no_prices,2026-03-18
Cambridge Middle School Dental Clinic,"50 Clare Street, Cambridge 3434, New Zealand",0800 825 583,+64 800 825 583,http://www.waikatodhb.health.nz/oralhealth,5,3,OPERATIONAL,https://maps.google.com/?cid=9386455957389483287&g_mp=Cidnb29nbGUubWFwcy5wbGFjZXMudjEuUGxhY2VzLlNlYXJjaFRleHQQAhgEIAA,Monday: 8:10 AM – 4:15 PM; Tuesday: 8:10 AM – 4:15 PM; Wednesday: 8:10 AM – 4:15 PM; Thursday: 8:10 AM – 4:15 PM; Friday: 8:10 AM – 4:15 PM; Saturday: Closed; Sunday: Closed,dental_clinic,Waikato,Cambridge,no_prices,2026-03-18
Cambridge White Dental,"33 Duke Street, Cambridge 3434, New Zealand",07 823 0232,+64 7 823 0232,http://www.cambridgewhite.co.nz/,5,11,OPERATIONAL,https://maps.google.com/?cid=16693920029525873936&g_mp=Cidnb29nbGUubWFwcy5wbGFjZXMudjEuUGxhY2VzLlNlYXJjaFRleHQQAhgEIAA,Monday: 10:00 AM – 5:00 PM; Tuesday: 10:00 AM – 5:00 PM; Wednesday: 10:00 AM – 5:00 PM; Thursday: 10:00 AM – 5:00 PM; Friday: 10:00 AM – 5:00 PM; Saturday: Closed; Sunday: Closed,dental_clinic,Waikato,Cambridge,no_prices,2026-03-18
Leamington Dental Cambridge | Lumino The Dentists,"Unit 1/127 Shakespeare Street, Leamington, Cambridge 3432, New Zealand",07 823 4665,+64 7 823 4665,https://lumino.co.nz/dentists/leamington-dental-cambridge/?utm_source=google%20my%20business&utm_medium=organic,4.5,33,OPERATIONAL,https://maps.google.com/?cid=15787682840038697218&g_mp=Cidnb29nbGUubWFwcy5wbGFjZXMudjEuUGxhY2VzLlNlYXJjaFRleHQQAhgEIAA,Monday: 8:00 AM – 6:00 PM; Tuesday: 8:00 AM – 5:00 PM; Wednesday: 8:00 AM – 5:00 PM; Thursday: 8:00 AM – 5:00 PM; Friday: Closed; Saturday: Closed; Sunday: Closed,dental_clinic,Waikato,Cambridge,no_prices,2026-03-18
Alpha Street Dental,"82 Alpha Street, Cambridge 3434, New Zealand",07 823 5328,+64 7 823 5328,https://alpha.dental/,5,6,OPERATIONAL,https://maps.google.com/?cid=4922106332005332217&g_mp=Cidnb29nbGUubWFwcy5wbGFjZXMudjEuUGxhY2VzLlNlYXJjaFRleHQQAhgEIAA,Monday: 9:00 AM – 5:00 PM; Tuesday: 9:00 AM – 5:00 PM; Wednesday: 9:00 AM – 5:00 PM; Thursday: 2:00 – 5:00 PM; Friday: Closed; Saturday: Closed; Sunday: Closed,dental_clinic,Waikato,Cambridge,no_prices,2026-03-18
Cambridge Family Health,"1913 Cambridge Road, Cambridge 3434, New Zealand",07 827 4234,+64 7 827 4234,http://cambridgefamilyhealth.co.nz/,3.8,37,OPERATIONAL,https://maps.google.com/?cid=5373783033018266892&g_mp=Cidnb29nbGUubWFwcy5wbGFjZXMudjEuUGxhY2VzLlNlYXJjaFRleHQQAhgEIAA,Monday: 8:30 AM – 5:00 PM; Tuesday: 8:30 AM – 5:00 PM; Wednesday: 8:30 AM – 5:00 PM; Thursday: 8:30 AM – 5:00 PM; Friday: 8:30 AM – 5:00 PM; Saturday: Closed; Sunday: Closed,dental_clinic,Waikato,Cambridge,no_prices,2026-03-18
Alpers Dental Cambridge,"1902 Cambridge Road, Cambridge 3434, New Zealand",07 222 3498,+64 7 222 3498,https://www.alpersdentalcambridge.co.nz/,5,14,OPERATIONAL,https://maps.google.com/?cid=12553068616644312692&g_mp=Cidnb29nbGUubWFwcy5wbGFjZXMudjEuUGxhY2VzLlNlYXJjaFRleHQQAhgEIAA,Monday: 8:00 AM – 5:00 PM; Tuesday: 8:00 AM – 5:00 PM; Wednesday: 8:00 AM – 5:00 PM; Thursday: 8:00 AM – 5:00 PM; Friday: 8:00 AM – 5:00 PM; Saturday: Closed; Sunday: Closed,dental_clinic,Waikato,Cambridge,no_prices,2026-03-18
Affinity Denture Clinic,"63 Alpha Street, Cambridge 3434, New Zealand",07 929 0424,+64 7 929 0424,http://www.affinitydentures.co.nz/,3.7,3,OPERATIONAL,https://maps.google.com/?cid=13856125435382220401&g_mp=Cidnb29nbGUubWFwcy5wbGFjZXMudjEuUGxhY2VzLlNlYXJjaFRleHQQAhgEIAA,Monday: Closed; Tuesday: Closed; Wednesday: Closed; Thursday: Closed; Friday: 9:00 AM – 5:00 PM; Saturday: Closed; Sunday: Closed,dental_clinic,Waikato,Cambridge,no_prices,2026-03-18
Lumino On Cambridge Christchurch | Lumino The Dentists,"75 Cambridge Terrace, Christchurch Central City, Christchurch 8013, New Zealand",03 366 1948,+64 3 366 1948,https://lumino.co.nz/dentists/lumino-on-cambridge-christchurch/?utm_source=google_business_profile&utm_medium=organic,4.9,54,OPERATIONAL,https://maps.google.com/?cid=3708937451854349674&g_mp=Cidnb29nbGUubWFwcy5wbGFjZXMudjEuUGxhY2VzLlNlYXJjaFRleHQQAhgEIAA,Monday: 8:00 AM – 5:00 PM; Tuesday: 8:00 AM – 5:00 PM; Wednesday: 8:00 AM – 5:00 PM; Thursday: 8:00 AM – 5:00 PM; Friday: 8:00 AM – 4:30 PM; Saturday: Closed; Sunday: Closed,dental_clinic,Waikato,Cambridge,no_prices,2026-03-18
Chemist Warehouse Cambridge,"2/34D Lake Street, Lakewood, Cambridge 3434, New Zealand",07 280 7274,+64 7 280 7274,https://www.chemistwarehouse.co.nz/,4.5,79,OPERATIONAL,https://maps.google.com/?cid=1551527228426759304&g_mp=Cidnb29nbGUubWFwcy5wbGFjZXMudjEuUGxhY2VzLlNlYXJjaFRleHQQAhgEIAA,Monday: 8:00 AM – 8:00 PM; Tuesday: 8:00 AM – 8:00 PM; Wednesday: 8:00 AM – 8:00 PM; Thursday: 8:00 AM – 8:00 PM; Friday: 8:00 AM – 8:00 PM; Saturday: 8:00 AM – 7:00 PM; Sunday: 8:00 AM – 7:00 PM,dental_clinic,Waikato,Cambridge,no_prices,2026-03-18
Cambridge Primary School Dental Clinic,"Cambridge 3434, New Zealand",07 827 6501,+64 7 827 6501,,,,OPERATIONAL,https://maps.google.com/?cid=14260919672933071054&g_mp=Cidnb29nbGUubWFwcy5wbGFjZXMudjEuUGxhY2VzLlNlYXJjaFRleHQQAhgEIAA,,dental_clinic,Waikato,Cambridge,no_prices,2026-03-18
Waikato Orthodontic Centre - Cambridge,"63 Alpha Street, Cambridge 3434, New Zealand",07 855 9512,+64 7 855 9512,https://www.thewoc.co.nz/,,,OPERATIONAL,https://maps.google.com/?cid=2459267413286279908&g_mp=Cidnb29nbGUubWFwcy5wbGFjZXMudjEuUGxhY2VzLlNlYXJjaFRleHQQAhgEIAA,Monday: Closed; Tuesday: 8:00 AM – 5:30 AM; Wednesday: 8:00 AM – 5:30 PM; Thursday: Closed; Friday: Closed; Saturday: Closed; Sunday: Closed,dental_clinic,Waikato,Cambridge,no_prices,2026-03-18
Waikids Cambridge Community Dental Clinic,"64 Clare Street, Cambridge 3434, New Zealand",,,,,,OPERATIONAL,https://maps.google.com/?cid=2096346180535743703&g_mp=Cidnb29nbGUubWFwcy5wbGFjZXMudjEuUGxhY2VzLlNlYXJjaFRleHQQAhgEIAA,,dental_clinic,Waikato,Cambridge,no_prices,2026-03-18
Dentist,"147 Wilson Street, Cambridge 3434, New Zealand",,,,,,OPERATIONAL,https://maps.google.com/?cid=12028057791519305290&g_mp=Cidnb29nbGUubWFwcy5wbGFjZXMudjEuUGxhY2VzLlNlYXJjaFRleHQQAhgEIAA,,dental_clinic,Waikato,Cambridge,no_prices,2026-03-18
Breathe Free Clinic,"33 Mangauika Road, Pirongia 3876, New Zealand",027 292 9222,+64 27 292 9222,https://breathefreeclinic.co.nz/,5,28,OPERATIONAL,https://maps.google.com/?cid=17055189741370002264&g_mp=Cidnb29nbGUubWFwcy5wbGFjZXMudjEuUGxhY2VzLlNlYXJjaFRleHQQAhgEIAA,Monday: 9:00 AM – 6:00 PM; Tuesday: 7:00 AM – 6:00 PM; Wednesday: 11:00 AM – 7:00 PM; Thursday: 7:00 AM – 7:00 PM; Friday: 11:00 AM – 5:00 PM; Saturday: 9:00 AM – 2:00 PM; Sunday: Closed,dental_clinic,Waikato,Pirongia,no_prices,2026-03-18
Four Square Pirongia,"269 Crozier Street, Pirongia 3802, New Zealand",07 871 9152,+64 7 871 9152,https://www.foursquare.co.nz/upper-north-island/waikato/pirongia?utm_source=google&utm_medium=organic&utm_campaign=Google+My+Business&utm_term=plcid_17512838939314962674&utm_content=Four+Square+Pirongia,4.3,199,OPERATIONAL,https://maps.google.com/?cid=17521371049510928087&g_mp=Cidnb29nbGUubWFwcy5wbGFjZXMudjEuUGxhY2VzLlNlYXJjaFRleHQQAhgEIAA,Monday: 7:30 AM – 7:30 PM; Tuesday: 7:30 AM – 7:30 PM; Wednesday: 7:30 AM – 7:30 PM; Thursday: 7:30 AM – 7:30 PM; Friday: 7:30 AM – 7:30 PM; Saturday: 7:30 AM – 7:30 PM; Sunday: 7:30 AM – 7:30 PM,dental_clinic,Waikato,Pirongia,no_prices,2026-03-18
Otorohanga Dental Surgery,"25 Haerehuka Street, Otorohanga 3900, New Zealand",07 873 8824,+64 7 873 8824,http://www.ruraldental.co.nz/,4.6,33,OPERATIONAL,https://maps.google.com/?cid=8129828472134161820&g_mp=Cidnb29nbGUubWFwcy5wbGFjZXMudjEuUGxhY2VzLlNlYXJjaFRleHQQAhgEIAA,Monday: 8:30 AM – 5:00 PM; Tuesday: 8:30 AM – 5:00 PM; Wednesday: 8:30 AM – 5:00 PM; Thursday: 8:30 AM – 5:00 PM; Friday: 8:30 AM – 5:00 PM; Saturday: Closed; Sunday: Closed,dental_clinic,Waikato,Pirongia,no_prices,2026-03-18
South Waikato Dental Surgery,"42 Tirau Street, Putāruru 3411, New Zealand",07 883 8727,+64 7 883 8727,http://www.ruraldental.co.nz/,3.6,45,OPERATIONAL,https://maps.google.com/?cid=4835741707928392573&g_mp=Cidnb29nbGUubWFwcy5wbGFjZXMudjEuUGxhY2VzLlNlYXJjaFRleHQQAhgEIAA,Monday: 8:00 AM – 5:00 PM; Tuesday: 8:00 AM – 5:00 PM; Wednesday: 8:00 AM – 5:00 PM; Thursday: 8:00 AM – 5:00 PM; Friday: 8:00 AM – 5:00 PM; Saturday: Closed; Sunday: Closed,dental_clinic,Waikato,Pirongia,no_prices,2026-03-18
Matamata Dental Centre,"80 Arawa Street, Matamata 3400, New Zealand",07 888 7490,+64 7 888 7490,https://matamatadentalcentre.nz/,4.4,15,OPERATIONAL,https://maps.google.com/?cid=10135134051467026487&g_mp=Cidnb29nbGUubWFwcy5wbGFjZXMudjEuUGxhY2VzLlNlYXJjaFRleHQQAhgEIAA,Monday: 9:00 AM – 5:00 PM; Tuesday: 9:00 AM – 5:00 PM; Wednesday: 9:00 AM – 5:00 PM; Thursday: 9:00 AM – 5:00 PM; Friday: 9:00 AM – 5:00 PM; Saturday: Closed; Sunday: Closed,dental_clinic,Waikato,Pirongia,no_prices,2026-03-18
Family Dental Centre Matamata,"5 Weka Street, Matamata 3400, New Zealand",07 880 9979,+64 7 880 9979,http://familydentalmatamata.co.nz/,4.4,7,OPERATIONAL,https://maps.google.com/?cid=13753927557975476542&g_mp=Cidnb29nbGUubWFwcy5wbGFjZXMudjEuUGxhY2VzLlNlYXJjaFRleHQQAhgEIAA,Monday: 8:30 AM – 5:00 PM; Tuesday: 8:30 AM – 5:00 PM; Wednesday: 8:30 AM – 5:00 PM; Thursday: 8:30 AM – 5:00 PM; Friday: 8:30 AM – 5:00 PM; Saturday: Closed; Sunday: Closed,dental_clinic,Waikato,Matamata,no_prices,2026-03-18
Matamata Community Dental Clinic,"45 Station Road, Waikato, Matamata 3400, New Zealand",07 888 5202,+64 7 888 5202,https://info.health.nz/locations/waikato/oral-health,5,4,OPERATIONAL,https://maps.google.com/?cid=17967111303562462049&g_mp=Cidnb29nbGUubWFwcy5wbGFjZXMudjEuUGxhY2VzLlNlYXJjaFRleHQQAhgEIAA,Monday: 8:30 AM – 4:30 PM; Tuesday: 8:30 AM – 4:30 PM; Wednesday: 8:30 AM – 4:30 PM; Thursday: 8:30 AM – 4:30 PM; Friday: 8:30 AM – 4:30 PM; Saturday: Closed; Sunday: Closed,dental_clinic,Waikato,Matamata,no_prices,2026-03-18
Morrinsville Community Dental Clinic,"78 Moorhouse Street, Morrinsville 3300, New Zealand",07 889 0493,+64 7 889 0493,https://info.health.nz/locations/waikato/oral-health,5,2,OPERATIONAL,https://maps.google.com/?cid=5468549631791233823&g_mp=Cidnb29nbGUubWFwcy5wbGFjZXMudjEuUGxhY2VzLlNlYXJjaFRleHQQAhgEIAA,Monday: 8:00 AM – 4:40 PM; Tuesday: 8:00 AM – 4:40 PM; Wednesday: 8:00 AM – 4:40 PM; Thursday: 8:00 AM – 4:40 PM; Friday: 8:00 AM – 4:40 PM; Saturday: Closed; Sunday: Closed,dental_clinic,Waikato,Morrinsville,no_prices,2026-03-18
The Dentist Morrinsville,"37 Moorhouse Street, Morrinsville 3300, New Zealand",07 889 5909,+64 7 889 5909,http://www.dentist.co.nz/dentist-detail/waihi/the-dentist-morrinsville/A18015316,3.7,25,OPERATIONAL,https://maps.google.com/?cid=822652070968446110&g_mp=Cidnb29nbGUubWFwcy5wbGFjZXMudjEuUGxhY2VzLlNlYXJjaFRleHQQAhgEIAA,Monday: 9:00 AM – 4:30 PM; Tuesday: 9:00 AM – 4:30 PM; Wednesday: 9:00 AM – 4:30 PM; Thursday: 9:00 AM – 4:30 PM; Friday: 9:00 AM – 4:30 PM; Saturday: 9:00 AM – 2:00 PM; Sunday: Closed,dental_clinic,Waikato,Morrinsville,no_prices,2026-03-18
Morrinsville Dental Centre,"236 Thames Street, Morrinsville 3300, New Zealand",07 889 6249,+64 7 889 6249,https://www.healthpoint.co.nz/dentistry/general-dentist/morrinsville-dental-centre/,4.2,5,OPERATIONAL,https://maps.google.com/?cid=9491292578352429605&g_mp=Cidnb29nbGUubWFwcy5wbGFjZXMudjEuUGxhY2VzLlNlYXJjaFRleHQQAhgEIAA,,dental_clinic,Waikato,Morrinsville,no_prices,2026-03-18
Absolute Dental Limited-Morrinsville,"60 Moorhouse Street, Morrinsville 3300, New Zealand",07 889 5257,+64 7 889 5257,https://www.absolutedental.co.nz/,4.1,18,OPERATIONAL,https://maps.google.com/?cid=11259986529306216097&g_mp=Cidnb29nbGUubWFwcy5wbGFjZXMudjEuUGxhY2VzLlNlYXJjaFRleHQQAhgEIAA,Monday: 8:00 AM – 5:00 PM; Tuesday: 8:00 AM – 5:00 PM; Wednesday: 8:00 AM – 5:00 PM; Thursday: 8:00 AM – 5:00 PM; Friday: 8:00 AM – 5:00 PM; Saturday: Closed; Sunday: Closed,dental_clinic,Waikato,Morrinsville,no_prices,2026-03-18
Family Dental Centre,"62a Moorhouse Street, Morrinsville 3300, New Zealand",07 889 5257,+64 7 889 5257,http://www.dentist.co.nz/dentist-detail/morrinsville/family-dental-centre-morrinsville/A11006390,3.4,5,OPERATIONAL,https://maps.google.com/?cid=18173557512464183786&g_mp=Cidnb29nbGUubWFwcy5wbGFjZXMudjEuUGxhY2VzLlNlYXJjaFRleHQQAhgEIAA,Monday: 8:15 AM – 5:00 PM; Tuesday: 8:15 AM – 5:00 PM; Wednesday: 8:15 AM – 5:00 PM; Thursday: 8:15 AM – 5:00 PM; Friday: 8:15 AM – 5:00 PM; Saturday: Closed; Sunday: Closed,dental_clinic,Waikato,Morrinsville,no_prices,2026-03-18
Morrinsville Dental Surgery,"236 Thames Street, Morrinsville 3300, New Zealand",07 889 6249,+64 7 889 6249,http://www.dentist.co.nz/dentist-detail/morrinsville/jogia-dental-surgery/A11006367,4.1,10,OPERATIONAL,https://maps.google.com/?cid=31826172266452896&g_mp=Cidnb29nbGUubWFwcy5wbGFjZXMudjEuUGxhY2VzLlNlYXJjaFRleHQQAhgEIAA,,dental_clinic,Waikato,Morrinsville,no_prices,2026-03-18
Te Aroha Family Dental Practice,"28 Church Street, Te Aroha 3320, New Zealand",07 884 9507,+64 7 884 9507,,5,6,OPERATIONAL,https://maps.google.com/?cid=5718100432756500008&g_mp=Cidnb29nbGUubWFwcy5wbGFjZXMudjEuUGxhY2VzLlNlYXJjaFRleHQQAhgEIAA,Monday: 9:00 AM – 3:30 PM; Tuesday: 9:00 AM – 4:30 PM; Wednesday: 9:00 AM – 4:30 PM; Thursday: 9:00 AM – 4:30 PM; Friday: 9:00 AM – 4:00 PM; Saturday: Closed; Sunday: Closed,dental_clinic,Waikato,Te Aroha,no_prices,2026-03-18
The Dental Health Group,"437 Pollen Street, Thames 3500, New Zealand",07 868 7677,+64 7 868 7677,http://www.thamesdental.co.nz/,4.1,19,OPERATIONAL,https://maps.google.com/?cid=9037247089954976088&g_mp=Cidnb29nbGUubWFwcy5wbGFjZXMudjEuUGxhY2VzLlNlYXJjaFRleHQQAhgEIAA,Monday: 8:30 AM – 5:00 PM; Tuesday: 8:30 AM – 5:00 PM; Wednesday: 8:30 AM – 5:00 PM; Thursday: 8:30 AM – 5:00 PM; Friday: 8:30 AM – 5:00 PM; Saturday: Closed; Sunday: Closed,dental_clinic,Waikato,Thames,no_prices,2026-03-18
Team Dental Thames,"438 Pollen Street, Thames 3500, New Zealand",07 868 9581,+64 7 868 9581,https://www.team-dental.co.nz/coromandel/thames/?utm_campaign=thames&utm_medium=gbp&utm_source=google,4.5,24,OPERATIONAL,https://maps.google.com/?cid=2509548608278525053&g_mp=Cidnb29nbGUubWFwcy5wbGFjZXMudjEuUGxhY2VzLlNlYXJjaFRleHQQAhgEIAA,Monday: 8:30 AM – 5:00 PM; Tuesday: 8:30 AM – 5:00 PM; Wednesday: 8:30 AM – 5:00 PM; Thursday: 8:30 AM – 5:00 PM; Friday: 8:30 AM – 5:00 PM; Saturday: Closed; Sunday: Closed,dental_clinic,Waikato,Thames,no_prices,2026-03-18
Neilson Dental Care,"823 Pollen Street, Thames 3500, New Zealand",07 868 8643,+64 7 868 8643,http://www.dentist.co.nz/dentist-detail/thames/neilson-dental-care/A11006889,5,9,OPERATIONAL,https://maps.google.com/?cid=7345507542138946594&g_mp=Cidnb29nbGUubWFwcy5wbGFjZXMudjEuUGxhY2VzLlNlYXJjaFRleHQQAhgEIAA,Monday: 8:30 AM – 5:00 PM; Tuesday: 8:30 AM – 5:00 PM; Wednesday: 8:30 AM – 5:00 PM; Thursday: 8:30 AM – 5:00 PM; Friday: 8:30 AM – 4:00 PM; Saturday: Closed; Sunday: Closed,dental_clinic,Waikato,Thames,no_prices,2026-03-18
BEACH DENTAL PRACTICE,"823 Pollen Street, Thames 3500, New Zealand",07 868 8643,+64 7 868 8643,http://www.beachdental.nz/,5,2,OPERATIONAL,https://maps.google.com/?cid=13317971432212570743&g_mp=Cidnb29nbGUubWFwcy5wbGFjZXMudjEuUGxhY2VzLlNlYXJjaFRleHQQAhgEIAA,Monday: 8:00 AM – 5:00 PM; Tuesday: 8:00 AM – 5:00 PM; Wednesday: 8:00 AM – 5:00 PM; Thursday: 8:00 AM – 5:00 PM; Friday: 8:00 AM – 4:00 PM; Saturday: Closed; Sunday: Closed,dental_clinic,Waikato,Thames,no_prices,2026-03-18
True Smile Dentures,"470 Pollen Street, Thames 3500, New Zealand",07 868 5973,+64 7 868 5973,,4.5,19,OPERATIONAL,https://maps.google.com/?cid=8451434812930751085&g_mp=Cidnb29nbGUubWFwcy5wbGFjZXMudjEuUGxhY2VzLlNlYXJjaFRleHQQAhgEIAA,Monday: 9:00 AM – 4:00 PM; Tuesday: 9:00 AM – 4:00 PM; Wednesday: 9:00 AM – 4:00 PM; Thursday: 9:00 AM – 4:00 PM; Friday: 9:00 AM – 4:00 PM; Saturday: Closed; Sunday: Closed,dental_clinic,Waikato,Thames,no_prices,2026-03-18
Andrew Chang Dental,"438 Pollen Street, Thames 3500, New Zealand",07 868 9581,+64 7 868 9581,http://thamesdentalcentre.co.nz/,,,OPERATIONAL,https://maps.google.com/?cid=3363647260114293960&g_mp=Cidnb29nbGUubWFwcy5wbGFjZXMudjEuUGxhY2VzLlNlYXJjaFRleHQQAhgEIAA,Monday: 8:30 AM – 5:00 PM; Tuesday: 8:30 AM – 5:00 PM; Wednesday: 8:30 AM – 5:00 PM; Thursday: 8:30 AM – 5:00 PM; Friday: 8:30 AM – 5:00 PM; Saturday: Closed; Sunday: Closed,dental_clinic,Waikato,Thames,no_prices,2026-03-18
Thames Hospital,"610 MacKay Street, Thames 3500, New Zealand",07 868 0040,+64 7 868 0040,https://www.waikatodhb.health.nz/locations/thames-hospital/,3.7,115,OPERATIONAL,https://maps.google.com/?cid=9455492355001514011&g_mp=Cidnb29nbGUubWFwcy5wbGFjZXMudjEuUGxhY2VzLlNlYXJjaFRleHQQAhgEIAA,Monday: Open 24 hours; Tuesday: Open 24 hours; Wednesday: Open 24 hours; Thursday: Open 24 hours; Friday: Open 24 hours; Saturday: Open 24 hours; Sunday: Open 24 hours,dental_clinic,Waikato,Thames,no_prices,2026-03-18
Denture Plus,"726 Pollen Street, Thames 3500, New Zealand",0800 664 486,+64 800 664 486,,4.2,10,OPERATIONAL,https://maps.google.com/?cid=13345621683414467162&g_mp=Cidnb29nbGUubWFwcy5wbGFjZXMudjEuUGxhY2VzLlNlYXJjaFRleHQQAhgEIAA,Monday: 10:00 AM – 5:00 PM; Tuesday: 10:00 AM – 5:00 PM; Wednesday: 10:00 AM – 5:00 PM; Thursday: 10:00 AM – 5:00 PM; Friday: Closed; Saturday: Closed; Sunday: Closed,dental_clinic,Waikato,Thames,no_prices,2026-03-18
Affordable Denture Thames,"541 Pollen Street, Thames 3500, New Zealand",0800 368 873,+64 800 368 873,https://www.instagram.com/affordable_denture_nz/,5,1,OPERATIONAL,https://maps.google.com/?cid=12015779244191672478&g_mp=Cidnb29nbGUubWFwcy5wbGFjZXMudjEuUGxhY2VzLlNlYXJjaFRleHQQAhgEIAA,Monday: 8:00 AM – 5:00 PM; Tuesday: 8:00 AM – 5:00 PM; Wednesday: 8:00 AM – 5:00 PM; Thursday: 8:00 AM – 5:00 PM; Friday: 8:00 AM – 5:00 PM; Saturday: Closed; Sunday: Closed,dental_clinic,Waikato,Thames,no_prices,2026-03-18
Clinico Denture & Hearing - Thames,"418 Pollen Street, Thames 3500, New Zealand",0800 112 324,+64 800 112 324,http://clinico.co.nz/,5,1,OPERATIONAL,https://maps.google.com/?cid=13448925809478304972&g_mp=Cidnb29nbGUubWFwcy5wbGFjZXMudjEuUGxhY2VzLlNlYXJjaFRleHQQAhgEIAA,Monday: Closed; Tuesday: Closed; Wednesday: Closed; Thursday: 9:00 AM – 3:30 PM; Friday: Closed; Saturday: Closed; Sunday: Closed,dental_clinic,Waikato,Thames,no_prices,2026-03-18
Stephen Driver Dentist,"Team Dental Thames 438 Pollen Street, Thames 3500, New Zealand",07 868 9581,+64 7 868 9581,http://www.thamesdentalcentre.co.nz/,,,OPERATIONAL,https://maps.google.com/?cid=6987476365606926704&g_mp=Cidnb29nbGUubWFwcy5wbGFjZXMudjEuUGxhY2VzLlNlYXJjaFRleHQQAhgEIAA,Monday: 8:30 AM – 5:00 PM; Tuesday: 8:30 AM – 5:00 PM; Wednesday: 8:30 AM – 5:00 PM; Thursday: 8:30 AM – 5:00 PM; Friday: 8:30 AM – 5:00 PM; Saturday: Closed; Sunday: Closed,dental_clinic,Waikato,Thames,no_prices,2026-03-18
Coromandel Family Health Clinic,"80 Kapanga Road, Coromandel 3506, New Zealand",07 866 8500,+64 7 866 8500,,4.8,4,OPERATIONAL,https://maps.google.com/?cid=8199490963575529940&g_mp=Cidnb29nbGUubWFwcy5wbGFjZXMudjEuUGxhY2VzLlNlYXJjaFRleHQQAhgEIAA,Monday: 8:30 AM – 5:00 PM; Tuesday: 8:30 AM – 5:00 PM; Wednesday: 8:30 AM – 5:00 PM; Thursday: 8:30 AM – 5:00 PM; Friday: 8:30 AM – 5:00 PM; Saturday: Closed; Sunday: Closed,dental_clinic,Waikato,Coromandel Town,no_prices,2026-03-18
Unichem Coromandel Pharmacy,"89 Kapanga Road, The, Coromandel 3506, New Zealand",07 866 8702,+64 7 866 8702,http://www.unichem.co.nz/storelocator/store?id=2535814324&sid=Coromandel,4.6,17,OPERATIONAL,https://maps.google.com/?cid=2668317749664200568&g_mp=Cidnb29nbGUubWFwcy5wbGFjZXMudjEuUGxhY2VzLlNlYXJjaFRleHQQAhgEIAA,Monday: 8:30 AM – 5:00 PM; Tuesday: 8:30 AM – 5:00 PM; Wednesday: 8:30 AM – 5:00 PM; Thursday: 8:30 AM – 5:00 PM; Friday: 8:30 AM – 5:00 PM; Saturday: 9:00 AM – 1:00 PM; Sunday: Closed,dental_clinic,Waikato,Coromandel Town,no_prices,2026-03-18
Whitianga Dental Centre,"42 Albert Street, Whitianga 3510, New Zealand",07 866 4019,+64 7 866 4019,https://whitianga.dental/,5,10,OPERATIONAL,https://maps.google.com/?cid=13077764825435601865&g_mp=Cidnb29nbGUubWFwcy5wbGFjZXMudjEuUGxhY2VzLlNlYXJjaFRleHQQAhgEIAA,Monday: 9:00 AM – 5:00 PM; Tuesday: 9:00 AM – 5:00 PM; Wednesday: 9:00 AM – 1:00 PM; Thursday: 9:00 AM – 5:00 PM; Friday: 9:00 AM – 1:00 PM; Saturday: Closed; Sunday: Closed,dental_clinic,Waikato,Coromandel Town,no_prices,2026-03-18
Four Square Coromandel,"50 Wharf Road, Coromandel 3506, New Zealand",07 866 8808,+64 7 866 8808,https://www.foursquare.co.nz/upper-north-island/coromandel/coromandel?utm_source=google&utm_medium=organic&utm_campaign=Google+My+Business&utm_term=plcid_12974852753797128044&utm_content=Four+Square+Coromandel,4.3,413,OPERATIONAL,https://maps.google.com/?cid=2153818863249433110&g_mp=Cidnb29nbGUubWFwcy5wbGFjZXMudjEuUGxhY2VzLlNlYXJjaFRleHQQAhgEIAA,Monday: 7:00 AM – 7:00 PM; Tuesday: 7:00 AM – 7:00 PM; Wednesday: 7:00 AM – 7:00 PM; Thursday: 7:00 AM – 7:00 PM; Friday: 7:00 AM – 7:00 PM; Saturday: 7:00 AM – 7:00 PM; Sunday: 7:00 AM – 7:00 PM,dental_clinic,Waikato,Coromandel Town,no_prices,2026-03-18
Mercury Bay Smiles,"14 Coghill Street, Whitianga 3510, New Zealand",07 211 6565,+64 7 211 6565,https://mercurybaysmiles.co.nz/,5,6,OPERATIONAL,https://maps.google.com/?cid=15068089622945508850&g_mp=Cidnb29nbGUubWFwcy5wbGFjZXMudjEuUGxhY2VzLlNlYXJjaFRleHQQAhgEIAA,Monday: 9:00 AM – 4:00 PM; Tuesday: Closed; Wednesday: 9:00 AM – 5:00 PM; Thursday: Closed; Friday: 9:00 AM – 4:00 PM; Saturday: Closed; Sunday: Closed,dental_clinic,Waikato,Coromandel Town,no_prices,2026-03-18
Whitianga Dental Practice | Lumino The Dentists,"12/1 Blacksmith Lane, Whitianga 3510, New Zealand",07 869 5500,+64 7 869 5500,https://lumino.co.nz/dentists/whitianga-dental-practice/?utm_source=google_business_profile&utm_medium=organic,4.3,11,OPERATIONAL,https://maps.google.com/?cid=2389637407828239958&g_mp=Cidnb29nbGUubWFwcy5wbGFjZXMudjEuUGxhY2VzLlNlYXJjaFRleHQQAhgEIAA,Monday: 8:45 AM – 5:00 PM; Tuesday: 8:45 AM – 5:30 PM; Wednesday: 8:45 AM – 5:30 PM; Thursday: 8:45 AM – 5:30 PM; Friday: 8:45 AM – 5:00 PM; Saturday: Closed; Sunday: Closed,dental_clinic,Waikato,Whitianga,no_prices,2026-03-18
Tairua Medical Centre,"237 Main Road North, Tairua 3508, New Zealand",07 864 8737,+64 7 864 8737,,3.5,8,OPERATIONAL,https://maps.google.com/?cid=10662127362276816931&g_mp=Cidnb29nbGUubWFwcy5wbGFjZXMudjEuUGxhY2VzLlNlYXJjaFRleHQQAhgEIAA,Monday: 9:00 AM – 4:30 PM; Tuesday: 9:00 AM – 12:30 PM; Wednesday: 9:00 AM – 4:30 PM; Thursday: 9:00 AM – 12:00 PM; Friday: 9:00 AM – 4:30 PM; Saturday: Closed; Sunday: Closed,dental_clinic,Waikato,Tairua,no_prices,2026-03-18
Tairua-Pauanui Pharmacy,"226 Main Road North, Tairua 3508, New Zealand",07 864 8660,+64 7 864 8660,http://www.tairuapauanuipharmacy.co.nz/,4.6,26,OPERATIONAL,https://maps.google.com/?cid=4699852432534170374&g_mp=Cidnb29nbGUubWFwcy5wbGFjZXMudjEuUGxhY2VzLlNlYXJjaFRleHQQAhgEIAA,Monday: 9:00 AM – 5:00 PM; Tuesday: 9:00 AM – 5:00 PM; Wednesday: 9:00 AM – 5:00 PM; Thursday: 9:00 AM – 5:00 PM; Friday: 9:00 AM – 5:00 PM; Saturday: 10:00 AM – 1:00 PM; Sunday: Closed,dental_clinic,Waikato,Tairua,no_prices,2026-03-18
Four Square Tairua,"234 Main Road North, Tairua 3508, New Zealand",07 864 8582,+64 7 864 8582,https://www.foursquare.co.nz/upper-north-island/coromandel/tairua?utm_source=google&utm_medium=organic&utm_campaign=Google+My+Business&utm_term=plcid_3376505661163316393&utm_content=Four+Square+Tairua,4,326,OPERATIONAL,https://maps.google.com/?cid=16059412540735227172&g_mp=Cidnb29nbGUubWFwcy5wbGFjZXMudjEuUGxhY2VzLlNlYXJjaFRleHQQAhgEIAA,Monday: 7:00 AM – 6:00 PM; Tuesday: 7:00 AM – 6:00 PM; Wednesday: 7:00 AM – 6:00 PM; Thursday: 7:00 AM – 6:00 PM; Friday: 7:00 AM – 6:00 PM; Saturday: 7:00 AM – 6:00 PM; Sunday: 7:00 AM – 6:00 PM,dental_clinic,Waikato,Tairua,no_prices,2026-03-18
CoroVets Tairua,"1 Wharf Road, Tairua 3508, New Zealand",0800 267 683,+64 800 267 683,http://www.corovets.co.nz/,4.8,16,OPERATIONAL,https://maps.google.com/?cid=12603635339505946637&g_mp=Cidnb29nbGUubWFwcy5wbGFjZXMudjEuUGxhY2VzLlNlYXJjaFRleHQQAhgEIAA,Monday: 12:00 – 4:00 PM; Tuesday: Closed; Wednesday: Closed; Thursday: 12:00 – 4:00 PM; Friday: Closed; Saturday: Closed; Sunday: Closed,dental_clinic,Waikato,Tairua,no_prices,2026-03-18
Waihi Family Dental Centre,"6 School Lane, Waihi 3610, New Zealand",07 863 7272,+64 7 863 7272,https://www.facebook.com/pages/Waihi-Family-Dental-Centre/372454159624038,3.4,18,OPERATIONAL,https://maps.google.com/?cid=16864698854262848442&g_mp=Cidnb29nbGUubWFwcy5wbGFjZXMudjEuUGxhY2VzLlNlYXJjaFRleHQQAhgEIAA,Monday: 8:00 AM – 5:00 PM; Tuesday: 8:00 AM – 5:00 PM; Wednesday: 8:00 AM – 5:00 PM; Thursday: 8:00 AM – 5:00 PM; Friday: 8:00 AM – 5:00 PM; Saturday: Closed; Sunday: Closed,dental_clinic,Waikato,Waihi,no_prices,2026-03-18
Mark Smith Dental | Dental Centre in Waihi,"49 Haszard Street, Waihi 3610, New Zealand",07 863 8300,+64 7 863 8300,http://marksmithdental.co.nz/,5,8,OPERATIONAL,https://maps.google.com/?cid=240230737046606122&g_mp=Cidnb29nbGUubWFwcy5wbGFjZXMudjEuUGxhY2VzLlNlYXJjaFRleHQQAhgEIAA,Monday: 8:30 AM – 4:00 PM; Tuesday: 8:30 AM – 4:00 PM; Wednesday: 8:30 AM – 4:00 PM; Thursday: 8:30 AM – 4:00 PM; Friday: 8:30 AM – 4:00 PM; Saturday: Closed; Sunday: Closed,dental_clinic,Waikato,Waihi,no_prices,2026-03-18
Waihi Health Centre,"1 Mueller Street, Waihi 3610, New Zealand",07 863 8195,+64 7 863 8195,https://thedoctors.co.nz/waihi-health-centre,3.5,21,OPERATIONAL,https://maps.google.com/?cid=7320556652542990890&g_mp=Cidnb29nbGUubWFwcy5wbGFjZXMudjEuUGxhY2VzLlNlYXJjaFRleHQQAhgEIAA,Monday: 8:30 AM – 4:00 PM; Tuesday: 8:30 AM – 4:00 PM; Wednesday: 8:30 AM – 4:00 PM; Thursday: 8:30 AM – 4:00 PM; Friday: 8:30 AM – 4:00 PM; Saturday: Closed; Sunday: Closed,dental_clinic,Waikato,Waihi,no_prices,2026-03-18
Affordable Denture Waihi,"NZ, 3/22 Rosemont Road, Waihi 3610, New Zealand",0800 368 873,+64 800 368 873,https://www.instagram.com/affordable_denture_nz/,4.4,8,OPERATIONAL,https://maps.google.com/?cid=11371945780984003882&g_mp=Cidnb29nbGUubWFwcy5wbGFjZXMudjEuUGxhY2VzLlNlYXJjaFRleHQQAhgEIAA,Monday: Closed; Tuesday: 10:00 AM – 4:00 PM; Wednesday: Closed; Thursday: Closed; Friday: 10:00 AM – 4:00 PM; Saturday: Closed; Sunday: Closed,dental_clinic,Waikato,Waihi,no_prices,2026-03-18
Clinico Denture & Hearing - Waihi,"2 School Lane, Waihi 3610, New Zealand",0800 112 324,+64 800 112 324,http://clinico.co.nz/dentures-waihi,5,1,OPERATIONAL,https://maps.google.com/?cid=13997028406155321816&g_mp=Cidnb29nbGUubWFwcy5wbGFjZXMudjEuUGxhY2VzLlNlYXJjaFRleHQQAhgEIAA,Monday: Closed; Tuesday: 9:30 AM – 3:30 PM; Wednesday: Closed; Thursday: Closed; Friday: Closed; Saturday: Closed; Sunday: Closed,dental_clinic,Waikato,Waihi,no_prices,2026-03-18
Waihi Central School Dental Clinic,"Moresby Avenue, Waihi 3610, New Zealand",,,,,,OPERATIONAL,https://maps.google.com/?cid=18281664909119731528&g_mp=Cidnb29nbGUubWFwcy5wbGFjZXMudjEuUGxhY2VzLlNlYXJjaFRleHQQAhgEIAA,,dental_clinic,Waikato,Waihi,no_prices,2026-03-18
Paeroa Dental Clinic,"15 Princes Street, Paeroa 3600, New Zealand",07 862 8757,+64 7 862 8757,,3,2,OPERATIONAL,https://maps.google.com/?cid=11290491748716857954&g_mp=Cidnb29nbGUubWFwcy5wbGFjZXMudjEuUGxhY2VzLlNlYXJjaFRleHQQAhgEIAA,Monday: Closed; Tuesday: Closed; Wednesday: Closed; Thursday: Closed; Friday: 9:00 AM – 5:00 PM; Saturday: Closed; Sunday: Closed,dental_clinic,Waikato,Paeroa,no_prices,2026-03-18
All Good Dental,"Inside Medical Centre 4 Queen Street, Paeroa 3600, New Zealand",07 260 7077,+64 7 260 7077,https://www.allgooddental.co.nz/,,,OPERATIONAL,https://maps.google.com/?cid=7143795596454384278&g_mp=Cidnb29nbGUubWFwcy5wbGFjZXMudjEuUGxhY2VzLlNlYXJjaFRleHQQAhgEIAA,Monday: 9:00 AM – 5:00 PM; Tuesday: 9:00 AM – 5:00 PM; Wednesday: 9:00 AM – 5:00 PM; Thursday: 9:00 AM – 5:00 PM; Friday: 9:00 AM – 5:00 PM; Saturday: Closed; Sunday: Closed,dental_clinic,Waikato,Paeroa,no_prices,2026-03-18
Health Ngatea,"Dent Street, Ngatea 3503, New Zealand",07 867 7521,+64 7 867 7521,http://www.healthngatea.co.nz/,3.7,66,OPERATIONAL,https://maps.google.com/?cid=15626232109785942586&g_mp=Cidnb29nbGUubWFwcy5wbGFjZXMudjEuUGxhY2VzLlNlYXJjaFRleHQQAhgEIAA,Monday: 9:00 AM – 5:00 PM; Tuesday: 9:00 AM – 5:00 PM; Wednesday: 9:00 AM – 5:00 PM; Thursday: 9:00 AM – 5:00 PM; Friday: 9:00 AM – 5:00 PM; Saturday: Closed; Sunday: Closed,dental_clinic,Waikato,Ngatea,no_prices,2026-03-18
Ngatea Pharmacy,"20 Orchard West Road, Ngatea 3503, New Zealand",07 867 7408,+64 7 867 7408,http://www.ngateapharmacy.co.nz/,4.8,26,OPERATIONAL,https://maps.google.com/?cid=13198929896070754445&g_mp=Cidnb29nbGUubWFwcy5wbGFjZXMudjEuUGxhY2VzLlNlYXJjaFRleHQQAhgEIAA,Monday: 9:00 AM – 5:00 PM; Tuesday: 9:00 AM – 5:00 PM; Wednesday: 9:00 AM – 5:00 PM; Thursday: 9:00 AM – 5:00 PM; Friday: 9:00 AM – 5:00 PM; Saturday: Closed; Sunday: Closed,dental_clinic,Waikato,Ngatea,no_prices,2026-03-18
Hauraki Vets,"87 Orchard West Road, Ngatea 3503, New Zealand",07 867 7056,+64 7 867 7056,http://www.haurakivets.co.nz/,4.9,100,OPERATIONAL,https://maps.google.com/?cid=17533720587195391133&g_mp=Cidnb29nbGUubWFwcy5wbGFjZXMudjEuUGxhY2VzLlNlYXJjaFRleHQQAhgEIAA,Monday: 8:00 AM – 5:00 PM; Tuesday: 8:00 AM – 5:00 PM; Wednesday: 8:00 AM – 5:00 PM; Thursday: 8:00 AM – 5:00 PM; Friday: 8:00 AM – 5:00 PM; Saturday: Closed; Sunday: Closed,dental_clinic,Waikato,Ngatea,no_prices,2026-03-18
Anexa Vets Ngatea,"49 Orchard West Road, Ngatea 3503, New Zealand",07 867 7256,+64 7 867 7256,https://anexa.co.nz/clinics/ngatea/,4.6,21,OPERATIONAL,https://maps.google.com/?cid=10560676584739911418&g_mp=Cidnb29nbGUubWFwcy5wbGFjZXMudjEuUGxhY2VzLlNlYXJjaFRleHQQAhgEIAA,Monday: 8:00 AM – 5:00 PM; Tuesday: 8:00 AM – 5:00 PM; Wednesday: 8:00 AM – 5:00 PM; Thursday: 8:00 AM – 5:00 PM; Friday: 8:00 AM – 5:00 PM; Saturday: Closed; Sunday: Closed,dental_clinic,Waikato,Ngatea,no_prices,2026-03-18
Essence Wellness Clinic,"24 Kaihere Road, Ngatea 3503, New Zealand",027 550 1150,+64 27 550 1150,https://www.essencewellnessclinic.co.nz/,5,4,OPERATIONAL,https://maps.google.com/?cid=11846678325277857603&g_mp=Cidnb29nbGUubWFwcy5wbGFjZXMudjEuUGxhY2VzLlNlYXJjaFRleHQQAhgEIAA,Monday: Closed; Tuesday: 9:00 AM – 3:00 AM; Wednesday: 9:00 AM – 4:00 PM; Thursday: 9:00 AM – 4:30 PM; Friday: Closed; Saturday: 12:00 – 4:00 PM; Sunday: Closed,dental_clinic,Waikato,Ngatea,no_prices,2026-03-18
ConTact CARE,"48 Orchard West Road, Ngatea 3503, New Zealand",027 294 8514,+64 27 294 8514,http://www.contactcare.co.nz/,4.6,8,OPERATIONAL,https://maps.google.com/?cid=4607367546359997965&g_mp=Cidnb29nbGUubWFwcy5wbGFjZXMudjEuUGxhY2VzLlNlYXJjaFRleHQQAhgEIAA,,dental_clinic,Waikato,Ngatea,no_prices,2026-03-18
Four Square Ngatea,"25 Orchard West Road, Ngatea 3503, New Zealand",07 867 7037,+64 7 867 7037,https://www.foursquare.co.nz/upper-north-island/waikato/ngatea?utm_source=google&utm_medium=organic&utm_campaign=Google+My+Business&utm_term=plcid_12986354773191133880&utm_content=Four+Square+Ngatea,4.4,183,OPERATIONAL,https://maps.google.com/?cid=701889292882612112&g_mp=Cidnb29nbGUubWFwcy5wbGFjZXMudjEuUGxhY2VzLlNlYXJjaFRleHQQAhgEIAA,Monday: 7:30 AM – 7:00 PM; Tuesday: 7:30 AM – 7:00 PM; Wednesday: 7:30 AM – 7:00 PM; Thursday: 7:30 AM – 7:00 PM; Friday: 7:30 AM – 7:00 PM; Saturday: 7:30 AM – 7:00 PM; Sunday: 8:00 AM – 6:00 PM,dental_clinic,Waikato,Ngatea,no_prices,2026-03-18
Absolute Dental Limited - Tokoroa,"53 Bridge Street, Tokoroa 3420, New Zealand",07 886 5020,+64 7 886 5020,http://www.absolutedental.co.nz/,4.8,6,OPERATIONAL,https://maps.google.com/?cid=4785132022545902444&g_mp=Cidnb29nbGUubWFwcy5wbGFjZXMudjEuUGxhY2VzLlNlYXJjaFRleHQQAhgEIAA,Monday: 8:00 AM – 5:00 PM; Tuesday: 8:00 AM – 5:00 PM; Wednesday: 8:00 AM – 5:00 PM; Thursday: 8:00 AM – 5:00 PM; Friday: 8:00 AM – 5:00 PM; Saturday: Closed; Sunday: Closed,dental_clinic,Waikato,Tokoroa,no_prices,2026-03-18
Busfield Dental Care,"59 Swanston Street, Tokoroa 3420, New Zealand",07 886 6767,+64 7 886 6767,,4,19,OPERATIONAL,https://maps.google.com/?cid=10694646811494431203&g_mp=Cidnb29nbGUubWFwcy5wbGFjZXMudjEuUGxhY2VzLlNlYXJjaFRleHQQAhgEIAA,Monday: 8:00 AM – 5:00 PM; Tuesday: 8:00 AM – 5:00 PM; Wednesday: 8:00 AM – 5:00 PM; Thursday: 8:00 AM – 5:00 PM; Friday: 8:00 AM – 5:00 PM; Saturday: Closed; Sunday: Closed,dental_clinic,Waikato,Tokoroa,no_prices,2026-03-18
Tokoroa childrens community dental clinic,"Maraetai Road, Tokoroa 3420, New Zealand",027 314 8633,+64 27 314 8633,,,,OPERATIONAL,https://maps.google.com/?cid=7090447282572674699&g_mp=Cidnb29nbGUubWFwcy5wbGFjZXMudjEuUGxhY2VzLlNlYXJjaFRleHQQAhgEIAA,Monday: 8:15 AM – 4:15 PM; Tuesday: 8:15 AM – 4:15 PM; Wednesday: 8:15 AM – 4:15 PM; Thursday: 8:15 AM – 4:15 PM; Friday: 8:15 AM – 4:15 PM; Saturday: Closed; Sunday: Closed,dental_clinic,Waikato,Tokoroa,no_prices,2026-03-18
Clinico Denture & Hearing - Tokoroa,"25 Bridge Street, Tokoroa 3420, New Zealand",0800 112 324,+64 800 112 324,http://www.clinico.co.nz/,,,OPERATIONAL,https://maps.google.com/?cid=11354504932104887120&g_mp=Cidnb29nbGUubWFwcy5wbGFjZXMudjEuUGxhY2VzLlNlYXJjaFRleHQQAhgEIAA,Monday: Closed; Tuesday: Closed; Wednesday: 9:00 AM – 4:00 PM; Thursday: Closed; Friday: Closed; Saturday: Closed; Sunday: Closed,dental_clinic,Waikato,Tokoroa,no_prices,2026-03-18
Tokoroa Hospital,"55/75 Maraetai Road, Tokoroa 3420, New Zealand",07 885 0600,+64 7 885 0600,https://www.waikatodhb.health.nz/locations/tokoroa-hospital/,3.7,49,OPERATIONAL,https://maps.google.com/?cid=12780191141531227993&g_mp=Cidnb29nbGUubWFwcy5wbGFjZXMudjEuUGxhY2VzLlNlYXJjaFRleHQQAhgEIAA,Monday: Open 24 hours; Tuesday: Open 24 hours; Wednesday: Open 24 hours; Thursday: Open 24 hours; Friday: Open 24 hours; Saturday: Open 24 hours; Sunday: Open 24 hours,dental_clinic,Waikato,Tokoroa,no_prices,2026-03-18
Tokoroa Family Health,"4560197, Tokoroa 3420, New Zealand",07 886 5431,+64 7 886 5431,http://www.tokoroafamilyhealth.co.nz/,4.7,15,OPERATIONAL,https://maps.google.com/?cid=14097416468980117942&g_mp=Cidnb29nbGUubWFwcy5wbGFjZXMudjEuUGxhY2VzLlNlYXJjaFRleHQQAhgEIAA,Monday: 8:30 AM – 5:00 PM; Tuesday: 8:30 AM – 5:00 PM; Wednesday: 8:30 AM – 5:00 PM; Thursday: 8:30 AM – 5:00 PM; Friday: 8:30 AM – 5:00 PM; Saturday: Closed; Sunday: Closed,dental_clinic,Waikato,Tokoroa,no_prices,2026-03-18
Vetora Tokoroa,"5 Campbell Street, Tokoroa 3420, New Zealand",07 886 6119,+64 7 886 6119,https://www.vetora.co.nz/clinics/vetora-tokoroa,4.3,71,OPERATIONAL,https://maps.google.com/?cid=4404920964634441995&g_mp=Cidnb29nbGUubWFwcy5wbGFjZXMudjEuUGxhY2VzLlNlYXJjaFRleHQQAhgEIAA,Monday: 8:00 AM – 5:00 PM; Tuesday: 8:00 AM – 5:00 PM; Wednesday: 8:00 AM – 5:00 PM; Thursday: 8:00 AM – 5:00 PM; Friday: 8:00 AM – 5:00 PM; Saturday: Closed; Sunday: Closed,dental_clinic,Waikato,Tokoroa,no_prices,2026-03-18
Unichem Tokoroa Pharmacy,"221 Leith Place, Tokoroa 3420, New Zealand",07 886 7584,+64 7 886 7584,http://www.unichem.co.nz/pharmacy-location-services/unichem-tokoroa-pharmacy,3.6,35,OPERATIONAL,https://maps.google.com/?cid=14642602934933424058&g_mp=Cidnb29nbGUubWFwcy5wbGFjZXMudjEuUGxhY2VzLlNlYXJjaFRleHQQAhgEIAA,Monday: 9:00 AM – 5:00 PM; Tuesday: 9:00 AM – 5:00 PM; Wednesday: 9:00 AM – 5:00 PM; Thursday: 9:00 AM – 5:00 PM; Friday: 9:00 AM – 5:00 PM; Saturday: 9:00 AM – 4:00 PM; Sunday: Closed,dental_clinic,Waikato,Tokoroa,no_prices,2026-03-18
South Waikato Vet Services Ltd,"2 Satco Drive, Tokoroa 3420, New Zealand",07 886 6413,+64 7 886 6413,https://www.swvs.co.nz/,4.7,176,OPERATIONAL,https://maps.google.com/?cid=12169509554073630128&g_mp=Cidnb29nbGUubWFwcy5wbGFjZXMudjEuUGxhY2VzLlNlYXJjaFRleHQQAhgEIAA,Monday: 8:00 AM – 5:00 PM; Tuesday: 8:00 AM – 5:00 PM; Wednesday: 8:00 AM – 5:00 PM; Thursday: 8:00 AM – 5:00 PM; Friday: 8:00 AM – 5:00 PM; Saturday: 9:30 AM – 12:00 PM; Sunday: Closed,dental_clinic,Waikato,Tokoroa,no_prices,2026-03-18
Unichem Pharmacy,"Gate 3, Tokoroa 3420, New Zealand",07 886 7584,+64 7 886 7584,http://www.unichem.co.nz/storelocator/store?id=2535814287,4.4,33,OPERATIONAL,https://maps.google.com/?cid=11305379412613749385&g_mp=Cidnb29nbGUubWFwcy5wbGFjZXMudjEuUGxhY2VzLlNlYXJjaFRleHQQAhgEIAA,Monday: 8:30 AM – 6:00 PM; Tuesday: 8:30 AM – 6:00 PM; Wednesday: 8:30 AM – 6:00 PM; Thursday: 8:30 AM – 6:00 PM; Friday: 8:30 AM – 6:00 PM; Saturday: Closed; Sunday: Closed,dental_clinic,Waikato,Tokoroa,no_prices,2026-03-18
Kawerau Dental,"58 Turners Building, Tokoroa 3420, New Zealand",07 886 5020,+64 7 886 5020,,,,OPERATIONAL,https://maps.google.com/?cid=11054709566902669196&g_mp=Cidnb29nbGUubWFwcy5wbGFjZXMudjEuUGxhY2VzLlNlYXJjaFRleHQQAhgEIAA,,dental_clinic,Waikato,Tokoroa,no_prices,2026-03-18
The Dentists - Taupō,"7 Motutaiko Street, Taupō 3330, New Zealand",07 378 8112,+64 7 378 8112,https://www.dentiststaupo.co.nz/,4.9,262,OPERATIONAL,https://maps.google.com/?cid=3380386148918178565&g_mp=Cidnb29nbGUubWFwcy5wbGFjZXMudjEuUGxhY2VzLlNlYXJjaFRleHQQAhgEIAA,Monday: 8:00 AM – 5:00 PM; Tuesday: 8:00 AM – 5:00 PM; Wednesday: 8:00 AM – 5:00 PM; Thursday: 8:00 AM – 5:00 PM; Friday: 8:00 AM – 5:00 PM; Saturday: Closed; Sunday: Closed,dental_clinic,Waikato,Taupo,no_prices,2026-03-18
Taupo Dental Centre,"127 Spa Road, Taupō 3330, New Zealand",07 378 8005,+64 7 378 8005,https://www.taupodental.co.nz/,3.8,28,OPERATIONAL,https://maps.google.com/?cid=16026421999725760788&g_mp=Cidnb29nbGUubWFwcy5wbGFjZXMudjEuUGxhY2VzLlNlYXJjaFRleHQQAhgEIAA,Monday: 8:30 AM – 4:30 PM; Tuesday: 8:30 AM – 4:30 PM; Wednesday: 8:30 AM – 4:30 PM; Thursday: 8:30 AM – 4:30 PM; Friday: 8:30 AM – 4:30 PM; Saturday: Closed; Sunday: Closed,dental_clinic,Waikato,Taupo,no_prices,2026-03-18
Mathai Dental Taupo,"118 Tūwharetoa Street, Taupō 3330, New Zealand",07 377 2547,+64 7 377 2547,http://mathaidentaltaupo.co.nz/,4.2,38,OPERATIONAL,https://maps.google.com/?cid=13054548974300253759&g_mp=Cidnb29nbGUubWFwcy5wbGFjZXMudjEuUGxhY2VzLlNlYXJjaFRleHQQAhgEIAA,Monday: 8:30 AM – 6:00 PM; Tuesday: 8:30 AM – 6:00 PM; Wednesday: 8:30 AM – 6:00 PM; Thursday: 8:30 AM – 6:00 PM; Friday: 8:30 AM – 6:00 PM; Saturday: Closed; Sunday: Closed,dental_clinic,Waikato,Taupo,no_prices,2026-03-18
Chilukuri Dental,"7 Motutaiko Street, Taupō 3330, New Zealand",07 378 7540,+64 7 378 7540,,4.8,55,OPERATIONAL,https://maps.google.com/?cid=4668966224676680664&g_mp=Cidnb29nbGUubWFwcy5wbGFjZXMudjEuUGxhY2VzLlNlYXJjaFRleHQQAhgEIAA,Monday: 9:00 AM – 5:00 PM; Tuesday: 9:00 AM – 5:00 PM; Wednesday: 9:00 AM – 5:00 PM; Thursday: 9:00 AM – 5:00 PM; Friday: 9:00 AM – 3:00 PM; Saturday: Closed; Sunday: Closed,dental_clinic,Waikato,Taupo,no_prices,2026-03-18
All About Smiles,"191 Spa Road, Taupō 3330, New Zealand",021 190 1136,+64 21 190 1136,https://allaboutsmiles.co.nz/,5,82,OPERATIONAL,https://maps.google.com/?cid=2681509731911443013&g_mp=Cidnb29nbGUubWFwcy5wbGFjZXMudjEuUGxhY2VzLlNlYXJjaFRleHQQAhgEIAA,Monday: 9:00 AM – 6:00 PM; Tuesday: 9:00 AM – 5:00 PM; Wednesday: 9:00 AM – 5:00 PM; Thursday: 9:00 AM – 6:00 PM; Friday: 9:00 AM – 5:00 PM; Saturday: Closed; Sunday: Closed,dental_clinic,Waikato,Taupo,no_prices,2026-03-18
AK Dental,"127 Spa Road, Taupō 3330, New Zealand",07 378 9069,+64 7 378 9069,http://akdental.co.nz/,5,8,OPERATIONAL,https://maps.google.com/?cid=14539480284842586641&g_mp=Cidnb29nbGUubWFwcy5wbGFjZXMudjEuUGxhY2VzLlNlYXJjaFRleHQQAhgEIAA,Monday: 8:30 AM – 5:00 PM; Tuesday: 8:30 AM – 5:00 PM; Wednesday: 8:30 AM – 5:00 PM; Thursday: 8:30 AM – 5:00 PM; Friday: 8:30 AM – 5:00 PM; Saturday: Closed; Sunday: Closed,dental_clinic,Waikato,Taupo,no_prices,2026-03-18
Chapman O'Brien Dental Surgery,"100 Tūwharetoa Street, Taupō 3330, New Zealand",07 377 0800,+64 7 377 0800,,4.5,15,OPERATIONAL,https://maps.google.com/?cid=7311947050269711952&g_mp=Cidnb29nbGUubWFwcy5wbGFjZXMudjEuUGxhY2VzLlNlYXJjaFRleHQQAhgEIAA,Monday: 9:00 AM – 5:00 PM; Tuesday: 9:00 AM – 5:00 PM; Wednesday: 9:00 AM – 5:00 PM; Thursday: 9:00 AM – 5:00 PM; Friday: 9:00 AM – 5:00 PM; Saturday: Closed; Sunday: Closed,dental_clinic,Waikato,Taupo,no_prices,2026-03-18
Taupo Hospital,"38 Kōtare Street, Hilltop, Taupō 3330, New Zealand",07 376 1000,+64 7 376 1000,http://www.lakesdhb.govt.nz/,3.5,64,OPERATIONAL,https://maps.google.com/?cid=13972847894459743729&g_mp=Cidnb29nbGUubWFwcy5wbGFjZXMudjEuUGxhY2VzLlNlYXJjaFRleHQQAhgEIAA,Monday: Open 24 hours; Tuesday: Open 24 hours; Wednesday: Open 24 hours; Thursday: Open 24 hours; Friday: Open 24 hours; Saturday: Open 24 hours; Sunday: Open 24 hours,dental_clinic,Waikato,Taupo,no_prices,2026-03-18
Oral Health Taupo (OHT Limited),"129 Te Heuheu Street, CBD, Taupō 3330, New Zealand",07 378 4637,+64 7 378 4637,,,,OPERATIONAL,https://maps.google.com/?cid=10528143123002184031&g_mp=Cidnb29nbGUubWFwcy5wbGFjZXMudjEuUGxhY2VzLlNlYXJjaFRleHQQAhgEIAA,Monday: 9:00 AM – 5:00 PM; Tuesday: 9:00 AM – 5:00 PM; Wednesday: 9:00 AM – 5:00 PM; Thursday: 9:00 AM – 5:00 PM; Friday: 9:00 AM – 12:00 PM; Saturday: Closed; Sunday: Closed,dental_clinic,Waikato,Taupo,no_prices,2026-03-18
Turangi Dental,"74 The Town Centre, Tūrangi 3334, New Zealand",07 386 8966,+64 7 386 8966,http://www.turangidental.com/,3.9,19,OPERATIONAL,https://maps.google.com/?cid=11796930944221619475&g_mp=Cidnb29nbGUubWFwcy5wbGFjZXMudjEuUGxhY2VzLlNlYXJjaFRleHQQAhgEIAA,Monday: 8:30 AM – 5:00 PM; Tuesday: 8:30 AM – 5:00 PM; Wednesday: 11:00 AM – 7:30 PM; Thursday: 8:30 AM – 5:00 PM; Friday: 8:30 AM – 5:00 PM; Saturday: Closed; Sunday: Closed,dental_clinic,Waikato,Turangi,no_prices,2026-03-18
Mangakino Health Centre,"60 Rangatira Drive, Mangakino 3421, New Zealand",07 882 8299,+64 7 882 8299,http://www.mangakinohealth.com/,4.6,9,OPERATIONAL,https://maps.google.com/?cid=14898136207179889143&g_mp=Cidnb29nbGUubWFwcy5wbGFjZXMudjEuUGxhY2VzLlNlYXJjaFRleHQQAhgEIAA,Monday: 9:00 AM – 5:00 PM; Tuesday: 9:00 AM – 5:00 PM; Wednesday: Closed; Thursday: 9:00 AM – 5:00 PM; Friday: 9:00 AM – 5:00 PM; Saturday: Closed; Sunday: Closed,dental_clinic,Waikato,Mangakino,no_prices,2026-03-18
Four Square Mangakino,"Civic Centre Main road Rangatira Drive, Dx Box: Gx 10113, Mangakino 3421, New Zealand",07 882 8112,+64 7 882 8112,https://www.foursquare.co.nz/upper-north-island/waikato/mangakino?utm_source=google&utm_medium=organic&utm_campaign=gmaps&utm_term=mangakino,4.2,128,OPERATIONAL,https://maps.google.com/?cid=3235628940751225601&g_mp=Cidnb29nbGUubWFwcy5wbGFjZXMudjEuUGxhY2VzLlNlYXJjaFRleHQQAhgEIAA,Monday: 7:00 AM – 8:00 PM; Tuesday: 7:00 AM – 8:00 PM; Wednesday: 7:00 AM – 8:00 PM; Thursday: 7:00 AM – 8:00 PM; Friday: 7:00 AM – 8:00 PM; Saturday: 7:30 AM – 8:00 PM; Sunday: 7:30 AM – 8:00 PM,dental_clinic,Waikato,Mangakino,no_prices,2026-03-18
Mangakino Pharmacy,"Rangatira Drive, Mangakino 3421, New Zealand",07 882 8019,+64 7 882 8019,,4,5,OPERATIONAL,https://maps.google.com/?cid=14382656928965052625&g_mp=Cidnb29nbGUubWFwcy5wbGFjZXMudjEuUGxhY2VzLlNlYXJjaFRleHQQAhgEIAA,Monday: 10:00 AM – 5:00 PM; Tuesday: 10:00 AM – 5:00 PM; Wednesday: 10:00 AM – 2:00 PM; Thursday: 10:00 AM – 5:00 PM; Friday: 10:00 AM – 5:00 PM; Saturday: Closed; Sunday: Closed,dental_clinic,Waikato,Mangakino,no_prices,2026-03-18
